ctime,datname,pid,usesysid,usename,application_name,client_addr,client_port,backend_start,xact_start,query_start,waiting,query,state,state_change
1417491162.10367,dbt3,5594,10,mark,psql,,-1,2014-12-02 04:32:42.101539+01,2014-12-02 04:32:42.103672+01,2014-12-02 04:32:42.103672+01,f,"COPY (SELECT EXTRACT(EPOCH FROM TRANSACTION_TIMESTAMP()) AS ctime, datname, pid, usesysid, usename, application_name, client_addr, client_port, backend_start, xact_start, query_start, waiting, query , state, state_change FROM pg_stat_activity) TO STDOUT (FORMAT CSV, HEADER);",active,2014-12-02 04:32:42.103677+01
1417491162.10367,dbt3,5595,10,mark,psql,,-1,2014-12-02 04:32:42.101721+01,2014-12-02 04:32:42.103391+01,2014-12-02 04:32:42.103391+01,f,"COPY (SELECT EXTRACT(EPOCH FROM TRANSACTION_TIMESTAMP()) AS ctime, datname, numbackends, xact_commit, xact_rollback, blks_read, blks_hit, tup_returned, tup_fetched, tup_inserted, tup_updated, tup_deleted FROM pg_stat_database) TO STDOUT (FORMAT CSV, HEADER);",active,2014-12-02 04:32:42.103397+01
1417491162.10367,dbt3,5596,10,mark,psql,,-1,2014-12-02 04:32:42.102122+01,2014-12-02 04:32:42.103557+01,2014-12-02 04:32:42.103557+01,f,"COPY (SELECT EXTRACT(EPOCH FROM TRANSACTION_TIMESTAMP()) AS ctime, a.schemaname, a.relname, a.indexrelname, idx_scan, idx_tup_read, idx_tup_fetch, idx_blks_read, idx_blks_hit FROM pg_stat_all_indexes a, pg_statio_all_indexes b WHERE a.indexrelid = b.indexrelid) TO STDOUT (FORMAT CSV, HEADER);",active,2014-12-02 04:32:42.103561+01
1417491162.10367,dbt3,5597,10,mark,psql,,-1,2014-12-02 04:32:42.102655+01,2014-12-02 04:32:42.104004+01,2014-12-02 04:32:42.104004+01,f,"COPY (SELECT EXTRACT(EPOCH FROM TRANSACTION_TIMESTAMP()) AS ctime, relname, pid, mode, granted FROM pg_locks, pg_class WHERE relfilenode = relation ORDER BY relname) TO STDOUT (FORMAT CSV, HEADER);",active,2014-12-02 04:32:42.104008+01
1417491162.10367,dbt3,5598,10,mark,psql,,-1,2014-12-02 04:32:42.102957+01,2014-12-02 04:32:42.104345+01,2014-12-02 04:32:42.104345+01,f,"COPY (SELECT EXTRACT(EPOCH FROM TRANSACTION_TIMESTAMP()) AS ctime, a.schemaname, a.relname, seq_scan, seq_tup_read, idx_scan, idx_tup_fetch, n_tup_ins, n_tup_upd, n_tup_del, n_tup_hot_upd, n_live_tup, n_dead_tup, heap_blks_read, heap_blks_hit, idx_blks_read, idx_blks_hit, toast_blks_read, toast_blks_hit, tidx_blks_read, tidx_blks_hit FROM pg_statio_all_tables a, pg_stat_all_tables b WHERE a.relid = b.relid) TO STDOUT (FORMAT CSV, HEADER);",active,2014-12-02 04:32:42.104349+01
1417491222.10623,dbt3,5663,10,mark,psql,,-1,2014-12-02 04:33:40.01085+01,2014-12-02 04:33:40.012423+01,2014-12-02 04:33:40.012423+01,f,VACUUM ANALYZE customer;,active,2014-12-02 04:33:40.012427+01
1417491222.10623,dbt3,5671,10,mark,psql,,-1,2014-12-02 04:33:42.104393+01,2014-12-02 04:33:42.105973+01,2014-12-02 04:33:42.105973+01,f,"COPY (SELECT EXTRACT(EPOCH FROM TRANSACTION_TIMESTAMP()) AS ctime, a.schemaname, a.relname, a.indexrelname, idx_scan, idx_tup_read, idx_tup_fetch, idx_blks_read, idx_blks_hit FROM pg_stat_all_indexes a, pg_statio_all_indexes b WHERE a.indexrelid = b.indexrelid) TO STDOUT (FORMAT CSV);",active,2014-12-02 04:33:42.105979+01
1417491222.10623,dbt3,5672,10,mark,psql,,-1,2014-12-02 04:33:42.10451+01,2014-12-02 04:33:42.10614+01,2014-12-02 04:33:42.10614+01,f,"COPY (SELECT EXTRACT(EPOCH FROM TRANSACTION_TIMESTAMP()) AS ctime, datname, numbackends, xact_commit, xact_rollback, blks_read, blks_hit, tup_returned, tup_fetched, tup_inserted, tup_updated, tup_deleted FROM pg_stat_database) TO STDOUT (FORMAT CSV);",active,2014-12-02 04:33:42.106145+01
1417491222.10623,dbt3,5658,10,mark,psql,,-1,2014-12-02 04:33:10.104605+01,2014-12-02 04:33:10.1108+01,2014-12-02 04:33:10.1108+01,f,"
CREATE INDEX part_p_container_p_brand_p_partkey_idx
ON part(p_container, p_brand, p_partkey);",active,2014-12-02 04:33:10.110805+01
1417491222.10623,dbt3,5670,10,mark,psql,,-1,2014-12-02 04:33:42.104357+01,2014-12-02 04:33:42.106226+01,2014-12-02 04:33:42.106226+01,f,"COPY (SELECT EXTRACT(EPOCH FROM TRANSACTION_TIMESTAMP()) AS ctime, datname, pid, usesysid, usename, application_name, client_addr, client_port, backend_start, xact_start, query_start, waiting, query , state, state_change FROM pg_stat_activity) TO STDOUT (FORMAT CSV);",active,2014-12-02 04:33:42.106231+01
1417491222.10623,dbt3,5618,10,mark,psql,,-1,2014-12-02 04:32:42.107416+01,2014-12-02 04:32:42.108908+01,2014-12-02 04:32:42.108908+01,f,COPY partsupp FROM '/AXLE/mark/dbt3/dss/partsupp.tbl' USING DELIMITERS '|';,active,2014-12-02 04:32:42.108912+01
1417491222.10623,dbt3,5673,10,mark,psql,,-1,2014-12-02 04:33:42.104609+01,2014-12-02 04:33:42.106219+01,2014-12-02 04:33:42.106219+01,f,"COPY (SELECT EXTRACT(EPOCH FROM TRANSACTION_TIMESTAMP()) AS ctime, relname, pid, mode, granted FROM pg_locks, pg_class WHERE relfilenode = relation ORDER BY relname) TO STDOUT (FORMAT CSV);",active,2014-12-02 04:33:42.106223+01
1417491222.10623,dbt3,5621,10,mark,psql,,-1,2014-12-02 04:32:42.108149+01,2014-12-02 04:32:42.109437+01,2014-12-02 04:32:42.109437+01,f,COPY lineitem FROM '/AXLE/mark/dbt3/dss/lineitem.tbl' USING DELIMITERS '|';,active,2014-12-02 04:32:42.109441+01
1417491222.10623,dbt3,5674,10,mark,psql,,-1,2014-12-02 04:33:42.104677+01,2014-12-02 04:33:42.106142+01,2014-12-02 04:33:42.106142+01,f,"COPY (SELECT EXTRACT(EPOCH FROM TRANSACTION_TIMESTAMP()) AS ctime, a.schemaname, a.relname, seq_scan, seq_tup_read, idx_scan, idx_tup_fetch, n_tup_ins, n_tup_upd, n_tup_del, n_tup_hot_upd, n_live_tup, n_dead_tup, heap_blks_read, heap_blks_hit, idx_blks_read, idx_blks_hit, toast_blks_read, toast_blks_hit, tidx_blks_read, tidx_blks_hit FROM pg_statio_all_tables a, pg_stat_all_tables b WHERE a.relid = b.relid) TO STDOUT (FORMAT CSV);",active,2014-12-02 04:33:42.106146+01
1417491222.10623,dbt3,5623,10,mark,psql,,-1,2014-12-02 04:32:42.108363+01,2014-12-02 04:32:42.109724+01,2014-12-02 04:32:42.109724+01,f,COPY orders FROM '/AXLE/mark/dbt3/dss/orders.tbl' USING DELIMITERS '|';,active,2014-12-02 04:32:42.109728+01
1417491282.10772,dbt3,5680,10,mark,psql,,-1,2014-12-02 04:34:19.397303+01,2014-12-02 04:34:19.400081+01,2014-12-02 04:34:19.400081+01,f,"
ALTER TABLE partsupp
ADD CONSTRAINT pk_partsupp
PRIMARY KEY (ps_partkey, ps_suppkey);",active,2014-12-02 04:34:19.400091+01
1417491282.10772,dbt3,5690,10,mark,psql,,-1,2014-12-02 04:34:42.106011+01,2014-12-02 04:34:42.107719+01,2014-12-02 04:34:42.107719+01,f,"COPY (SELECT EXTRACT(EPOCH FROM TRANSACTION_TIMESTAMP()) AS ctime, datname, pid, usesysid, usename, application_name, client_addr, client_port, backend_start, xact_start, query_start, waiting, query , state, state_change FROM pg_stat_activity) TO STDOUT (FORMAT CSV);",active,2014-12-02 04:34:42.107724+01
1417491282.10772,dbt3,5691,10,mark,psql,,-1,2014-12-02 04:34:42.106065+01,2014-12-02 04:34:42.10772+01,2014-12-02 04:34:42.10772+01,f,"COPY (SELECT EXTRACT(EPOCH FROM TRANSACTION_TIMESTAMP()) AS ctime, a.schemaname, a.relname, a.indexrelname, idx_scan, idx_tup_read, idx_tup_fetch, idx_blks_read, idx_blks_hit FROM pg_stat_all_indexes a, pg_statio_all_indexes b WHERE a.indexrelid = b.indexrelid) TO STDOUT (FORMAT CSV);",active,2014-12-02 04:34:42.107725+01
1417491282.10772,dbt3,5692,10,mark,psql,,-1,2014-12-02 04:34:42.106205+01,2014-12-02 04:34:42.107721+01,2014-12-02 04:34:42.107721+01,f,"COPY (SELECT EXTRACT(EPOCH FROM TRANSACTION_TIMESTAMP()) AS ctime, a.schemaname, a.relname, seq_scan, seq_tup_read, idx_scan, idx_tup_fetch, n_tup_ins, n_tup_upd, n_tup_del, n_tup_hot_upd, n_live_tup, n_dead_tup, heap_blks_read, heap_blks_hit, idx_blks_read, idx_blks_hit, toast_blks_read, toast_blks_hit, tidx_blks_read, tidx_blks_hit FROM pg_statio_all_tables a, pg_stat_all_tables b WHERE a.relid = b.relid) TO STDOUT (FORMAT CSV);",active,2014-12-02 04:34:42.107725+01
1417491282.10772,dbt3,5689,10,mark,psql,,-1,2014-12-02 04:34:42.105901+01,2014-12-02 04:34:42.10772+01,2014-12-02 04:34:42.10772+01,f,"COPY (SELECT EXTRACT(EPOCH FROM TRANSACTION_TIMESTAMP()) AS ctime, datname, numbackends, xact_commit, xact_rollback, blks_read, blks_hit, tup_returned, tup_fetched, tup_inserted, tup_updated, tup_deleted FROM pg_stat_database) TO STDOUT (FORMAT CSV);",active,2014-12-02 04:34:42.107724+01
1417491282.10772,dbt3,5693,10,mark,psql,,-1,2014-12-02 04:34:42.106296+01,2014-12-02 04:34:42.107731+01,2014-12-02 04:34:42.107731+01,f,"COPY (SELECT EXTRACT(EPOCH FROM TRANSACTION_TIMESTAMP()) AS ctime, relname, pid, mode, granted FROM pg_locks, pg_class WHERE relfilenode = relation ORDER BY relname) TO STDOUT (FORMAT CSV);",active,2014-12-02 04:34:42.107735+01
1417491282.10772,dbt3,5621,10,mark,psql,,-1,2014-12-02 04:32:42.108149+01,2014-12-02 04:32:42.109437+01,2014-12-02 04:32:42.109437+01,f,COPY lineitem FROM '/AXLE/mark/dbt3/dss/lineitem.tbl' USING DELIMITERS '|';,active,2014-12-02 04:32:42.109441+01
1417491282.10772,dbt3,5623,10,mark,psql,,-1,2014-12-02 04:32:42.108363+01,2014-12-02 04:32:42.109724+01,2014-12-02 04:32:42.109724+01,f,COPY orders FROM '/AXLE/mark/dbt3/dss/orders.tbl' USING DELIMITERS '|';,active,2014-12-02 04:32:42.109728+01
1417491342.1095,dbt3,5705,10,mark,psql,,-1,2014-12-02 04:35:42.1078+01,2014-12-02 04:35:42.109453+01,2014-12-02 04:35:42.109453+01,f,"COPY (SELECT EXTRACT(EPOCH FROM TRANSACTION_TIMESTAMP()) AS ctime, relname, pid, mode, granted FROM pg_locks, pg_class WHERE relfilenode = relation ORDER BY relname) TO STDOUT (FORMAT CSV);",active,2014-12-02 04:35:42.109458+01
1417491342.1095,dbt3,5706,10,mark,psql,,-1,2014-12-02 04:35:42.107859+01,2014-12-02 04:35:42.109582+01,2014-12-02 04:35:42.109582+01,f,"COPY (SELECT EXTRACT(EPOCH FROM TRANSACTION_TIMESTAMP()) AS ctime, a.schemaname, a.relname, seq_scan, seq_tup_read, idx_scan, idx_tup_fetch, n_tup_ins, n_tup_upd, n_tup_del, n_tup_hot_upd, n_live_tup, n_dead_tup, heap_blks_read, heap_blks_hit, idx_blks_read, idx_blks_hit, toast_blks_read, toast_blks_hit, tidx_blks_read, tidx_blks_hit FROM pg_statio_all_tables a, pg_stat_all_tables b WHERE a.relid = b.relid) TO STDOUT (FORMAT CSV);",active,2014-12-02 04:35:42.109588+01
1417491342.1095,dbt3,5704,10,mark,psql,,-1,2014-12-02 04:35:42.107704+01,2014-12-02 04:35:42.109568+01,2014-12-02 04:35:42.109568+01,f,"COPY (SELECT EXTRACT(EPOCH FROM TRANSACTION_TIMESTAMP()) AS ctime, datname, numbackends, xact_commit, xact_rollback, blks_read, blks_hit, tup_returned, tup_fetched, tup_inserted, tup_updated, tup_deleted FROM pg_stat_database) TO STDOUT (FORMAT CSV);",active,2014-12-02 04:35:42.109573+01
1417491342.1095,dbt3,5707,10,mark,psql,,-1,2014-12-02 04:35:42.107956+01,2014-12-02 04:35:42.109496+01,2014-12-02 04:35:42.109496+01,f,"COPY (SELECT EXTRACT(EPOCH FROM TRANSACTION_TIMESTAMP()) AS ctime, datname, pid, usesysid, usename, application_name, client_addr, client_port, backend_start, xact_start, query_start, waiting, query , state, state_change FROM pg_stat_activity) TO STDOUT (FORMAT CSV);",active,2014-12-02 04:35:42.109501+01
1417491342.1095,dbt3,5708,10,mark,psql,,-1,2014-12-02 04:35:42.108048+01,2014-12-02 04:35:42.109625+01,2014-12-02 04:35:42.109625+01,f,"COPY (SELECT EXTRACT(EPOCH FROM TRANSACTION_TIMESTAMP()) AS ctime, a.schemaname, a.relname, a.indexrelname, idx_scan, idx_tup_read, idx_tup_fetch, idx_blks_read, idx_blks_hit FROM pg_stat_all_indexes a, pg_statio_all_indexes b WHERE a.indexrelid = b.indexrelid) TO STDOUT (FORMAT CSV);",active,2014-12-02 04:35:42.109629+01
1417491342.1095,dbt3,5621,10,mark,psql,,-1,2014-12-02 04:32:42.108149+01,2014-12-02 04:32:42.109437+01,2014-12-02 04:32:42.109437+01,f,COPY lineitem FROM '/AXLE/mark/dbt3/dss/lineitem.tbl' USING DELIMITERS '|';,active,2014-12-02 04:32:42.109441+01
1417491342.1095,dbt3,5623,10,mark,psql,,-1,2014-12-02 04:32:42.108363+01,2014-12-02 04:32:42.109724+01,2014-12-02 04:32:42.109724+01,f,COPY orders FROM '/AXLE/mark/dbt3/dss/orders.tbl' USING DELIMITERS '|';,active,2014-12-02 04:32:42.109728+01
1417491402.11147,dbt3,5724,10,mark,psql,,-1,2014-12-02 04:36:42.109731+01,2014-12-02 04:36:42.111463+01,2014-12-02 04:36:42.111463+01,f,"COPY (SELECT EXTRACT(EPOCH FROM TRANSACTION_TIMESTAMP()) AS ctime, a.schemaname, a.relname, seq_scan, seq_tup_read, idx_scan, idx_tup_fetch, n_tup_ins, n_tup_upd, n_tup_del, n_tup_hot_upd, n_live_tup, n_dead_tup, heap_blks_read, heap_blks_hit, idx_blks_read, idx_blks_hit, toast_blks_read, toast_blks_hit, tidx_blks_read, tidx_blks_hit FROM pg_statio_all_tables a, pg_stat_all_tables b WHERE a.relid = b.relid) TO STDOUT (FORMAT CSV);",active,2014-12-02 04:36:42.111468+01
1417491402.11147,dbt3,5713,10,mark,psql,,-1,2014-12-02 04:35:45.022647+01,2014-12-02 04:35:45.025837+01,2014-12-02 04:35:45.025837+01,f,"
CREATE INDEX orders_o_orderkey_o_orderdate_brin_idx
ON orders USING BRIN (o_orderkey, o_orderdate);",active,2014-12-02 04:35:45.025847+01
1417491402.11147,dbt3,5714,10,mark,psql,,-1,2014-12-02 04:35:45.023154+01,2014-12-02 04:35:45.025986+01,2014-12-02 04:35:45.025986+01,f,"
CREATE INDEX orders_o_orderdate_o_orderkey_brin_idx
ON orders USING BRIN (o_orderdate, o_orderkey);",active,2014-12-02 04:35:45.025995+01
1417491402.11147,dbt3,5725,10,mark,psql,,-1,2014-12-02 04:36:42.109826+01,2014-12-02 04:36:42.111485+01,2014-12-02 04:36:42.111485+01,f,"COPY (SELECT EXTRACT(EPOCH FROM TRANSACTION_TIMESTAMP()) AS ctime, a.schemaname, a.relname, a.indexrelname, idx_scan, idx_tup_read, idx_tup_fetch, idx_blks_read, idx_blks_hit FROM pg_stat_all_indexes a, pg_statio_all_indexes b WHERE a.indexrelid = b.indexrelid) TO STDOUT (FORMAT CSV);",active,2014-12-02 04:36:42.11149+01
1417491402.11147,dbt3,5726,10,mark,psql,,-1,2014-12-02 04:36:42.109903+01,2014-12-02 04:36:42.111474+01,2014-12-02 04:36:42.111474+01,f,"COPY (SELECT EXTRACT(EPOCH FROM TRANSACTION_TIMESTAMP()) AS ctime, datname, pid, usesysid, usename, application_name, client_addr, client_port, backend_start, xact_start, query_start, waiting, query , state, state_change FROM pg_stat_activity) TO STDOUT (FORMAT CSV);",active,2014-12-02 04:36:42.111479+01
1417491402.11147,dbt3,5723,10,mark,psql,,-1,2014-12-02 04:36:42.109647+01,2014-12-02 04:36:42.11152+01,2014-12-02 04:36:42.11152+01,f,"COPY (SELECT EXTRACT(EPOCH FROM TRANSACTION_TIMESTAMP()) AS ctime, datname, numbackends, xact_commit, xact_rollback, blks_read, blks_hit, tup_returned, tup_fetched, tup_inserted, tup_updated, tup_deleted FROM pg_stat_database) TO STDOUT (FORMAT CSV);",active,2014-12-02 04:36:42.111525+01
1417491402.11147,dbt3,5727,10,mark,psql,,-1,2014-12-02 04:36:42.110004+01,2014-12-02 04:36:42.111493+01,2014-12-02 04:36:42.111493+01,f,"COPY (SELECT EXTRACT(EPOCH FROM TRANSACTION_TIMESTAMP()) AS ctime, relname, pid, mode, granted FROM pg_locks, pg_class WHERE relfilenode = relation ORDER BY relname) TO STDOUT (FORMAT CSV);",active,2014-12-02 04:36:42.111497+01
1417491402.11147,dbt3,5621,10,mark,psql,,-1,2014-12-02 04:32:42.108149+01,2014-12-02 04:32:42.109437+01,2014-12-02 04:32:42.109437+01,f,COPY lineitem FROM '/AXLE/mark/dbt3/dss/lineitem.tbl' USING DELIMITERS '|';,active,2014-12-02 04:32:42.109441+01
1417491462.1164,dbt3,5738,10,mark,psql,,-1,2014-12-02 04:37:42.111701+01,2014-12-02 04:37:42.113497+01,2014-12-02 04:37:42.113497+01,f,"COPY (SELECT EXTRACT(EPOCH FROM TRANSACTION_TIMESTAMP()) AS ctime, datname, numbackends, xact_commit, xact_rollback, blks_read, blks_hit, tup_returned, tup_fetched, tup_inserted, tup_updated, tup_deleted FROM pg_stat_database) TO STDOUT (FORMAT CSV);",active,2014-12-02 04:37:42.113502+01
1417491462.1164,dbt3,5739,10,mark,psql,,-1,2014-12-02 04:37:42.111813+01,2014-12-02 04:37:42.113497+01,2014-12-02 04:37:42.113497+01,f,"COPY (SELECT EXTRACT(EPOCH FROM TRANSACTION_TIMESTAMP()) AS ctime, a.schemaname, a.relname, a.indexrelname, idx_scan, idx_tup_read, idx_tup_fetch, idx_blks_read, idx_blks_hit FROM pg_stat_all_indexes a, pg_statio_all_indexes b WHERE a.indexrelid = b.indexrelid) TO STDOUT (FORMAT CSV);",active,2014-12-02 04:37:42.113502+01
1417491462.1164,dbt3,5740,10,mark,psql,,-1,2014-12-02 04:37:42.113191+01,2014-12-02 04:37:42.116442+01,2014-12-02 04:37:42.116442+01,f,"COPY (SELECT EXTRACT(EPOCH FROM TRANSACTION_TIMESTAMP()) AS ctime, a.schemaname, a.relname, seq_scan, seq_tup_read, idx_scan, idx_tup_fetch, n_tup_ins, n_tup_upd, n_tup_del, n_tup_hot_upd, n_live_tup, n_dead_tup, heap_blks_read, heap_blks_hit, idx_blks_read, idx_blks_hit, toast_blks_read, toast_blks_hit, tidx_blks_read, tidx_blks_hit FROM pg_statio_all_tables a, pg_stat_all_tables b WHERE a.relid = b.relid) TO STDOUT (FORMAT CSV);",active,2014-12-02 04:37:42.116452+01
1417491462.1164,dbt3,5741,10,mark,psql,,-1,2014-12-02 04:37:42.113295+01,2014-12-02 04:37:42.116384+01,2014-12-02 04:37:42.116384+01,f,"COPY (SELECT EXTRACT(EPOCH FROM TRANSACTION_TIMESTAMP()) AS ctime, relname, pid, mode, granted FROM pg_locks, pg_class WHERE relfilenode = relation ORDER BY relname) TO STDOUT (FORMAT CSV);",active,2014-12-02 04:37:42.116393+01
1417491462.1164,dbt3,5742,10,mark,psql,,-1,2014-12-02 04:37:42.113369+01,2014-12-02 04:37:42.116403+01,2014-12-02 04:37:42.116403+01,f,"COPY (SELECT EXTRACT(EPOCH FROM TRANSACTION_TIMESTAMP()) AS ctime, datname, pid, usesysid, usename, application_name, client_addr, client_port, backend_start, xact_start, query_start, waiting, query , state, state_change FROM pg_stat_activity) TO STDOUT (FORMAT CSV);",active,2014-12-02 04:37:42.116412+01
1417491462.1164,dbt3,5621,10,mark,psql,,-1,2014-12-02 04:32:42.108149+01,2014-12-02 04:32:42.109437+01,2014-12-02 04:32:42.109437+01,f,COPY lineitem FROM '/AXLE/mark/dbt3/dss/lineitem.tbl' USING DELIMITERS '|';,active,2014-12-02 04:32:42.109441+01
1417491522.11648,dbt3,5751,10,mark,psql,,-1,2014-12-02 04:38:42.114792+01,2014-12-02 04:38:42.116478+01,2014-12-02 04:38:42.116478+01,f,"COPY (SELECT EXTRACT(EPOCH FROM TRANSACTION_TIMESTAMP()) AS ctime, datname, pid, usesysid, usename, application_name, client_addr, client_port, backend_start, xact_start, query_start, waiting, query , state, state_change FROM pg_stat_activity) TO STDOUT (FORMAT CSV);",active,2014-12-02 04:38:42.116484+01
1417491522.11648,dbt3,5753,10,mark,psql,,-1,2014-12-02 04:38:42.115905+01,2014-12-02 04:38:42.117383+01,2014-12-02 04:38:42.117383+01,f,"COPY (SELECT EXTRACT(EPOCH FROM TRANSACTION_TIMESTAMP()) AS ctime, relname, pid, mode, granted FROM pg_locks, pg_class WHERE relfilenode = relation ORDER BY relname) TO STDOUT (FORMAT CSV);",active,2014-12-02 04:38:42.117387+01
1417491522.11648,dbt3,5621,10,mark,psql,,-1,2014-12-02 04:32:42.108149+01,2014-12-02 04:32:42.109437+01,2014-12-02 04:32:42.109437+01,f,COPY lineitem FROM '/AXLE/mark/dbt3/dss/lineitem.tbl' USING DELIMITERS '|';,active,2014-12-02 04:32:42.109441+01
1417491582.12159,dbt3,5764,10,mark,psql,,-1,2014-12-02 04:39:42.116919+01,2014-12-02 04:39:42.118548+01,2014-12-02 04:39:42.118548+01,f,"COPY (SELECT EXTRACT(EPOCH FROM TRANSACTION_TIMESTAMP()) AS ctime, a.schemaname, a.relname, a.indexrelname, idx_scan, idx_tup_read, idx_tup_fetch, idx_blks_read, idx_blks_hit FROM pg_stat_all_indexes a, pg_statio_all_indexes b WHERE a.indexrelid = b.indexrelid) TO STDOUT (FORMAT CSV);",active,2014-12-02 04:39:42.118554+01
1417491582.12159,dbt3,5765,10,mark,psql,,-1,2014-12-02 04:39:42.11716+01,2014-12-02 04:39:42.118553+01,2014-12-02 04:39:42.118553+01,f,"COPY (SELECT EXTRACT(EPOCH FROM TRANSACTION_TIMESTAMP()) AS ctime, datname, numbackends, xact_commit, xact_rollback, blks_read, blks_hit, tup_returned, tup_fetched, tup_inserted, tup_updated, tup_deleted FROM pg_stat_database) TO STDOUT (FORMAT CSV);",active,2014-12-02 04:39:42.118558+01
1417491582.12159,dbt3,5766,10,mark,psql,,-1,2014-12-02 04:39:42.11836+01,2014-12-02 04:39:42.12159+01,2014-12-02 04:39:42.12159+01,f,"COPY (SELECT EXTRACT(EPOCH FROM TRANSACTION_TIMESTAMP()) AS ctime, a.schemaname, a.relname, seq_scan, seq_tup_read, idx_scan, idx_tup_fetch, n_tup_ins, n_tup_upd, n_tup_del, n_tup_hot_upd, n_live_tup, n_dead_tup, heap_blks_read, heap_blks_hit, idx_blks_read, idx_blks_hit, toast_blks_read, toast_blks_hit, tidx_blks_read, tidx_blks_hit FROM pg_statio_all_tables a, pg_stat_all_tables b WHERE a.relid = b.relid) TO STDOUT (FORMAT CSV);",active,2014-12-02 04:39:42.1216+01
1417491582.12159,dbt3,5767,10,mark,psql,,-1,2014-12-02 04:39:42.11847+01,2014-12-02 04:39:42.121649+01,2014-12-02 04:39:42.121649+01,f,"COPY (SELECT EXTRACT(EPOCH FROM TRANSACTION_TIMESTAMP()) AS ctime, relname, pid, mode, granted FROM pg_locks, pg_class WHERE relfilenode = relation ORDER BY relname) TO STDOUT (FORMAT CSV);",active,2014-12-02 04:39:42.121659+01
1417491582.12159,dbt3,5768,10,mark,psql,,-1,2014-12-02 04:39:42.11856+01,2014-12-02 04:39:42.121586+01,2014-12-02 04:39:42.121586+01,f,"COPY (SELECT EXTRACT(EPOCH FROM TRANSACTION_TIMESTAMP()) AS ctime, datname, pid, usesysid, usename, application_name, client_addr, client_port, backend_start, xact_start, query_start, waiting, query , state, state_change FROM pg_stat_activity) TO STDOUT (FORMAT CSV);",active,2014-12-02 04:39:42.121595+01
1417491582.12159,dbt3,5621,10,mark,psql,,-1,2014-12-02 04:32:42.108149+01,2014-12-02 04:32:42.109437+01,2014-12-02 04:32:42.109437+01,f,COPY lineitem FROM '/AXLE/mark/dbt3/dss/lineitem.tbl' USING DELIMITERS '|';,active,2014-12-02 04:32:42.109441+01
1417491642.12329,dbt3,5777,10,mark,psql,,-1,2014-12-02 04:40:42.119928+01,2014-12-02 04:40:42.121769+01,2014-12-02 04:40:42.121769+01,f,"COPY (SELECT EXTRACT(EPOCH FROM TRANSACTION_TIMESTAMP()) AS ctime, a.schemaname, a.relname, seq_scan, seq_tup_read, idx_scan, idx_tup_fetch, n_tup_ins, n_tup_upd, n_tup_del, n_tup_hot_upd, n_live_tup, n_dead_tup, heap_blks_read, heap_blks_hit, idx_blks_read, idx_blks_hit, toast_blks_read, toast_blks_hit, tidx_blks_read, tidx_blks_hit FROM pg_statio_all_tables a, pg_stat_all_tables b WHERE a.relid = b.relid) TO STDOUT (FORMAT CSV);",active,2014-12-02 04:40:42.121775+01
1417491642.12329,dbt3,5779,10,mark,psql,,-1,2014-12-02 04:40:42.120104+01,2014-12-02 04:40:42.12178+01,2014-12-02 04:40:42.12178+01,f,"COPY (SELECT EXTRACT(EPOCH FROM TRANSACTION_TIMESTAMP()) AS ctime, datname, numbackends, xact_commit, xact_rollback, blks_read, blks_hit, tup_returned, tup_fetched, tup_inserted, tup_updated, tup_deleted FROM pg_stat_database) TO STDOUT (FORMAT CSV);",active,2014-12-02 04:40:42.121784+01
1417491642.12329,dbt3,5778,10,mark,psql,,-1,2014-12-02 04:40:42.120137+01,2014-12-02 04:40:42.123293+01,2014-12-02 04:40:42.123293+01,f,"COPY (SELECT EXTRACT(EPOCH FROM TRANSACTION_TIMESTAMP()) AS ctime, datname, pid, usesysid, usename, application_name, client_addr, client_port, backend_start, xact_start, query_start, waiting, query , state, state_change FROM pg_stat_activity) TO STDOUT (FORMAT CSV);",active,2014-12-02 04:40:42.123303+01
1417491642.12329,dbt3,5781,10,mark,psql,,-1,2014-12-02 04:40:42.121689+01,2014-12-02 04:40:42.124415+01,2014-12-02 04:40:42.124415+01,f,"COPY (SELECT EXTRACT(EPOCH FROM TRANSACTION_TIMESTAMP()) AS ctime, a.schemaname, a.relname, a.indexrelname, idx_scan, idx_tup_read, idx_tup_fetch, idx_blks_read, idx_blks_hit FROM pg_stat_all_indexes a, pg_statio_all_indexes b WHERE a.indexrelid = b.indexrelid) TO STDOUT (FORMAT CSV);",active,2014-12-02 04:40:42.124425+01
1417491642.12329,dbt3,5621,10,mark,psql,,-1,2014-12-02 04:32:42.108149+01,2014-12-02 04:32:42.109437+01,2014-12-02 04:32:42.109437+01,f,COPY lineitem FROM '/AXLE/mark/dbt3/dss/lineitem.tbl' USING DELIMITERS '|';,active,2014-12-02 04:32:42.109441+01
1417491702.12663,dbt3,5790,10,mark,psql,,-1,2014-12-02 04:41:42.123213+01,2014-12-02 04:41:42.124838+01,2014-12-02 04:41:42.124838+01,f,"COPY (SELECT EXTRACT(EPOCH FROM TRANSACTION_TIMESTAMP()) AS ctime, a.schemaname, a.relname, seq_scan, seq_tup_read, idx_scan, idx_tup_fetch, n_tup_ins, n_tup_upd, n_tup_del, n_tup_hot_upd, n_live_tup, n_dead_tup, heap_blks_read, heap_blks_hit, idx_blks_read, idx_blks_hit, toast_blks_read, toast_blks_hit, tidx_blks_read, tidx_blks_hit FROM pg_statio_all_tables a, pg_stat_all_tables b WHERE a.relid = b.relid) TO STDOUT (FORMAT CSV);",active,2014-12-02 04:41:42.124844+01
1417491702.12663,dbt3,5791,10,mark,psql,,-1,2014-12-02 04:41:42.123425+01,2014-12-02 04:41:42.126633+01,2014-12-02 04:41:42.126633+01,f,"COPY (SELECT EXTRACT(EPOCH FROM TRANSACTION_TIMESTAMP()) AS ctime, datname, pid, usesysid, usename, application_name, client_addr, client_port, backend_start, xact_start, query_start, waiting, query , state, state_change FROM pg_stat_activity) TO STDOUT (FORMAT CSV);",active,2014-12-02 04:41:42.126643+01
1417491702.12663,dbt3,5793,10,mark,psql,,-1,2014-12-02 04:41:42.124539+01,2014-12-02 04:41:42.127471+01,2014-12-02 04:41:42.127471+01,f,"COPY (SELECT EXTRACT(EPOCH FROM TRANSACTION_TIMESTAMP()) AS ctime, datname, numbackends, xact_commit, xact_rollback, blks_read, blks_hit, tup_returned, tup_fetched, tup_inserted, tup_updated, tup_deleted FROM pg_stat_database) TO STDOUT (FORMAT CSV);",active,2014-12-02 04:41:42.12748+01
1417491702.12663,dbt3,5794,10,mark,psql,,-1,2014-12-02 04:41:42.124794+01,2014-12-02 04:41:42.127616+01,2014-12-02 04:41:42.127616+01,f,"COPY (SELECT EXTRACT(EPOCH FROM TRANSACTION_TIMESTAMP()) AS ctime, a.schemaname, a.relname, a.indexrelname, idx_scan, idx_tup_read, idx_tup_fetch, idx_blks_read, idx_blks_hit FROM pg_stat_all_indexes a, pg_statio_all_indexes b WHERE a.indexrelid = b.indexrelid) TO STDOUT (FORMAT CSV);",active,2014-12-02 04:41:42.127626+01
1417491702.12663,dbt3,5621,10,mark,psql,,-1,2014-12-02 04:32:42.108149+01,2014-12-02 04:32:42.109437+01,2014-12-02 04:32:42.109437+01,f,COPY lineitem FROM '/AXLE/mark/dbt3/dss/lineitem.tbl' USING DELIMITERS '|';,active,2014-12-02 04:32:42.109441+01
1417491762.13026,dbt3,5803,10,mark,psql,,-1,2014-12-02 04:42:42.125459+01,2014-12-02 04:42:42.127094+01,2014-12-02 04:42:42.127094+01,f,"COPY (SELECT EXTRACT(EPOCH FROM TRANSACTION_TIMESTAMP()) AS ctime, datname, numbackends, xact_commit, xact_rollback, blks_read, blks_hit, tup_returned, tup_fetched, tup_inserted, tup_updated, tup_deleted FROM pg_stat_database) TO STDOUT (FORMAT CSV);",active,2014-12-02 04:42:42.1271+01
1417491762.13026,dbt3,5804,10,mark,psql,,-1,2014-12-02 04:42:42.125756+01,2014-12-02 04:42:42.127147+01,2014-12-02 04:42:42.127147+01,f,"COPY (SELECT EXTRACT(EPOCH FROM TRANSACTION_TIMESTAMP()) AS ctime, a.schemaname, a.relname, a.indexrelname, idx_scan, idx_tup_read, idx_tup_fetch, idx_blks_read, idx_blks_hit FROM pg_stat_all_indexes a, pg_statio_all_indexes b WHERE a.indexrelid = b.indexrelid) TO STDOUT (FORMAT CSV);",active,2014-12-02 04:42:42.127152+01
1417491762.13026,dbt3,5805,10,mark,psql,,-1,2014-12-02 04:42:42.12697+01,2014-12-02 04:42:42.130263+01,2014-12-02 04:42:42.130263+01,f,"COPY (SELECT EXTRACT(EPOCH FROM TRANSACTION_TIMESTAMP()) AS ctime, datname, pid, usesysid, usename, application_name, client_addr, client_port, backend_start, xact_start, query_start, waiting, query , state, state_change FROM pg_stat_activity) TO STDOUT (FORMAT CSV);",active,2014-12-02 04:42:42.130272+01
1417491762.13026,dbt3,5806,10,mark,psql,,-1,2014-12-02 04:42:42.127125+01,2014-12-02 04:42:42.130307+01,2014-12-02 04:42:42.130307+01,f,"COPY (SELECT EXTRACT(EPOCH FROM TRANSACTION_TIMESTAMP()) AS ctime, a.schemaname, a.relname, seq_scan, seq_tup_read, idx_scan, idx_tup_fetch, n_tup_ins, n_tup_upd, n_tup_del, n_tup_hot_upd, n_live_tup, n_dead_tup, heap_blks_read, heap_blks_hit, idx_blks_read, idx_blks_hit, toast_blks_read, toast_blks_hit, tidx_blks_read, tidx_blks_hit FROM pg_statio_all_tables a, pg_stat_all_tables b WHERE a.relid = b.relid) TO STDOUT (FORMAT CSV);",active,2014-12-02 04:42:42.130316+01
1417491762.13026,dbt3,5807,10,mark,psql,,-1,2014-12-02 04:42:42.127281+01,2014-12-02 04:42:42.13042+01,2014-12-02 04:42:42.13042+01,f,"COPY (SELECT EXTRACT(EPOCH FROM TRANSACTION_TIMESTAMP()) AS ctime, relname, pid, mode, granted FROM pg_locks, pg_class WHERE relfilenode = relation ORDER BY relname) TO STDOUT (FORMAT CSV);",active,2014-12-02 04:42:42.130429+01
1417491762.13026,dbt3,5621,10,mark,psql,,-1,2014-12-02 04:32:42.108149+01,2014-12-02 04:32:42.109437+01,2014-12-02 04:32:42.109437+01,f,COPY lineitem FROM '/AXLE/mark/dbt3/dss/lineitem.tbl' USING DELIMITERS '|';,active,2014-12-02 04:32:42.109441+01
1417491822.13032,dbt3,5817,10,mark,psql,,-1,2014-12-02 04:43:42.128574+01,2014-12-02 04:43:42.130323+01,2014-12-02 04:43:42.130323+01,f,"COPY (SELECT EXTRACT(EPOCH FROM TRANSACTION_TIMESTAMP()) AS ctime, datname, pid, usesysid, usename, application_name, client_addr, client_port, backend_start, xact_start, query_start, waiting, query , state, state_change FROM pg_stat_activity) TO STDOUT (FORMAT CSV);",active,2014-12-02 04:43:42.130329+01
1417491822.13032,dbt3,5818,10,mark,psql,,-1,2014-12-02 04:43:42.128693+01,2014-12-02 04:43:42.130324+01,2014-12-02 04:43:42.130324+01,f,"COPY (SELECT EXTRACT(EPOCH FROM TRANSACTION_TIMESTAMP()) AS ctime, a.schemaname, a.relname, seq_scan, seq_tup_read, idx_scan, idx_tup_fetch, n_tup_ins, n_tup_upd, n_tup_del, n_tup_hot_upd, n_live_tup, n_dead_tup, heap_blks_read, heap_blks_hit, idx_blks_read, idx_blks_hit, toast_blks_read, toast_blks_hit, tidx_blks_read, tidx_blks_hit FROM pg_statio_all_tables a, pg_stat_all_tables b WHERE a.relid = b.relid) TO STDOUT (FORMAT CSV);",active,2014-12-02 04:43:42.130329+01
1417491822.13032,dbt3,5621,10,mark,psql,,-1,2014-12-02 04:32:42.108149+01,2014-12-02 04:32:42.109437+01,2014-12-02 04:32:42.109437+01,f,COPY lineitem FROM '/AXLE/mark/dbt3/dss/lineitem.tbl' USING DELIMITERS '|';,active,2014-12-02 04:32:42.109441+01
1417491882.13296,dbt3,5830,10,mark,psql,,-1,2014-12-02 04:44:42.131352+01,2014-12-02 04:44:42.132961+01,2014-12-02 04:44:42.132961+01,f,"COPY (SELECT EXTRACT(EPOCH FROM TRANSACTION_TIMESTAMP()) AS ctime, datname, pid, usesysid, usename, application_name, client_addr, client_port, backend_start, xact_start, query_start, waiting, query , state, state_change FROM pg_stat_activity) TO STDOUT (FORMAT CSV);",active,2014-12-02 04:44:42.132965+01
1417491882.13296,dbt3,5832,10,mark,psql,,-1,2014-12-02 04:44:42.131571+01,2014-12-02 04:44:42.132947+01,2014-12-02 04:44:42.132947+01,f,"COPY (SELECT EXTRACT(EPOCH FROM TRANSACTION_TIMESTAMP()) AS ctime, a.schemaname, a.relname, seq_scan, seq_tup_read, idx_scan, idx_tup_fetch, n_tup_ins, n_tup_upd, n_tup_del, n_tup_hot_upd, n_live_tup, n_dead_tup, heap_blks_read, heap_blks_hit, idx_blks_read, idx_blks_hit, toast_blks_read, toast_blks_hit, tidx_blks_read, tidx_blks_hit FROM pg_statio_all_tables a, pg_stat_all_tables b WHERE a.relid = b.relid) TO STDOUT (FORMAT CSV);",active,2014-12-02 04:44:42.132952+01
1417491882.13296,dbt3,5831,10,mark,psql,,-1,2014-12-02 04:44:42.131507+01,2014-12-02 04:44:42.134609+01,2014-12-02 04:44:42.134609+01,f,"COPY (SELECT EXTRACT(EPOCH FROM TRANSACTION_TIMESTAMP()) AS ctime, relname, pid, mode, granted FROM pg_locks, pg_class WHERE relfilenode = relation ORDER BY relname) TO STDOUT (FORMAT CSV);",active,2014-12-02 04:44:42.134619+01
1417491882.13296,dbt3,5621,10,mark,psql,,-1,2014-12-02 04:32:42.108149+01,2014-12-02 04:32:42.109437+01,2014-12-02 04:32:42.109437+01,f,COPY lineitem FROM '/AXLE/mark/dbt3/dss/lineitem.tbl' USING DELIMITERS '|';,active,2014-12-02 04:32:42.109441+01
1417491942.13582,dbt3,5863,10,mark,psql,,-1,2014-12-02 04:45:42.134238+01,2014-12-02 04:45:42.135817+01,2014-12-02 04:45:42.135817+01,f,"COPY (SELECT EXTRACT(EPOCH FROM TRANSACTION_TIMESTAMP()) AS ctime, datname, pid, usesysid, usename, application_name, client_addr, client_port, backend_start, xact_start, query_start, waiting, query , state, state_change FROM pg_stat_activity) TO STDOUT (FORMAT CSV);",active,2014-12-02 04:45:42.135822+01
1417491942.13582,dbt3,5864,10,mark,psql,,-1,2014-12-02 04:45:42.134585+01,2014-12-02 04:45:42.135935+01,2014-12-02 04:45:42.135935+01,f,"COPY (SELECT EXTRACT(EPOCH FROM TRANSACTION_TIMESTAMP()) AS ctime, a.schemaname, a.relname, seq_scan, seq_tup_read, idx_scan, idx_tup_fetch, n_tup_ins, n_tup_upd, n_tup_del, n_tup_hot_upd, n_live_tup, n_dead_tup, heap_blks_read, heap_blks_hit, idx_blks_read, idx_blks_hit, toast_blks_read, toast_blks_hit, tidx_blks_read, tidx_blks_hit FROM pg_statio_all_tables a, pg_stat_all_tables b WHERE a.relid = b.relid) TO STDOUT (FORMAT CSV);",active,2014-12-02 04:45:42.13594+01
1417491942.13582,dbt3,5621,10,mark,psql,,-1,2014-12-02 04:32:42.108149+01,2014-12-02 04:32:42.109437+01,2014-12-02 04:32:42.109437+01,f,COPY lineitem FROM '/AXLE/mark/dbt3/dss/lineitem.tbl' USING DELIMITERS '|';,active,2014-12-02 04:32:42.109441+01
1417492002.14115,dbt3,5876,10,mark,psql,,-1,2014-12-02 04:46:42.136432+01,2014-12-02 04:46:42.138061+01,2014-12-02 04:46:42.138061+01,f,"COPY (SELECT EXTRACT(EPOCH FROM TRANSACTION_TIMESTAMP()) AS ctime, datname, numbackends, xact_commit, xact_rollback, blks_read, blks_hit, tup_returned, tup_fetched, tup_inserted, tup_updated, tup_deleted FROM pg_stat_database) TO STDOUT (FORMAT CSV);",active,2014-12-02 04:46:42.138066+01
1417492002.14115,dbt3,5877,10,mark,psql,,-1,2014-12-02 04:46:42.136502+01,2014-12-02 04:46:42.138061+01,2014-12-02 04:46:42.138061+01,f,"COPY (SELECT EXTRACT(EPOCH FROM TRANSACTION_TIMESTAMP()) AS ctime, a.schemaname, a.relname, a.indexrelname, idx_scan, idx_tup_read, idx_tup_fetch, idx_blks_read, idx_blks_hit FROM pg_stat_all_indexes a, pg_statio_all_indexes b WHERE a.indexrelid = b.indexrelid) TO STDOUT (FORMAT CSV);",active,2014-12-02 04:46:42.138066+01
1417492002.14115,dbt3,5878,10,mark,psql,,-1,2014-12-02 04:46:42.13782+01,2014-12-02 04:46:42.141161+01,2014-12-02 04:46:42.141161+01,f,"COPY (SELECT EXTRACT(EPOCH FROM TRANSACTION_TIMESTAMP()) AS ctime, relname, pid, mode, granted FROM pg_locks, pg_class WHERE relfilenode = relation ORDER BY relname) TO STDOUT (FORMAT CSV);",active,2014-12-02 04:46:42.141171+01
1417492002.14115,dbt3,5879,10,mark,psql,,-1,2014-12-02 04:46:42.137919+01,2014-12-02 04:46:42.141146+01,2014-12-02 04:46:42.141146+01,f,"COPY (SELECT EXTRACT(EPOCH FROM TRANSACTION_TIMESTAMP()) AS ctime, datname, pid, usesysid, usename, application_name, client_addr, client_port, backend_start, xact_start, query_start, waiting, query , state, state_change FROM pg_stat_activity) TO STDOUT (FORMAT CSV);",active,2014-12-02 04:46:42.141157+01
1417492002.14115,dbt3,5880,10,mark,psql,,-1,2014-12-02 04:46:42.138311+01,2014-12-02 04:46:42.14121+01,2014-12-02 04:46:42.14121+01,f,"COPY (SELECT EXTRACT(EPOCH FROM TRANSACTION_TIMESTAMP()) AS ctime, a.schemaname, a.relname, seq_scan, seq_tup_read, idx_scan, idx_tup_fetch, n_tup_ins, n_tup_upd, n_tup_del, n_tup_hot_upd, n_live_tup, n_dead_tup, heap_blks_read, heap_blks_hit, idx_blks_read, idx_blks_hit, toast_blks_read, toast_blks_hit, tidx_blks_read, tidx_blks_hit FROM pg_statio_all_tables a, pg_stat_all_tables b WHERE a.relid = b.relid) TO STDOUT (FORMAT CSV);",active,2014-12-02 04:46:42.141222+01
1417492002.14115,dbt3,5621,10,mark,psql,,-1,2014-12-02 04:32:42.108149+01,2014-12-02 04:32:42.109437+01,2014-12-02 04:32:42.109437+01,f,COPY lineitem FROM '/AXLE/mark/dbt3/dss/lineitem.tbl' USING DELIMITERS '|';,active,2014-12-02 04:32:42.109441+01
1417492062.14129,dbt3,5889,10,mark,psql,,-1,2014-12-02 04:47:42.1397+01,2014-12-02 04:47:42.14129+01,2014-12-02 04:47:42.14129+01,f,"COPY (SELECT EXTRACT(EPOCH FROM TRANSACTION_TIMESTAMP()) AS ctime, datname, pid, usesysid, usename, application_name, client_addr, client_port, backend_start, xact_start, query_start, waiting, query , state, state_change FROM pg_stat_activity) TO STDOUT (FORMAT CSV);",active,2014-12-02 04:47:42.141295+01
1417492062.14129,dbt3,5621,10,mark,psql,,-1,2014-12-02 04:32:42.108149+01,2014-12-02 04:32:42.109437+01,2014-12-02 04:32:42.109437+01,f,COPY lineitem FROM '/AXLE/mark/dbt3/dss/lineitem.tbl' USING DELIMITERS '|';,active,2014-12-02 04:32:42.109441+01
1417492122.1439,dbt3,5896,10,mark,psql,,-1,2014-12-02 04:48:03.276632+01,2014-12-02 04:48:03.280078+01,2014-12-02 04:48:03.280078+01,f,"
ALTER TABLE lineitem
ADD CONSTRAINT pk_lineitem PRIMARY KEY (l_orderkey, l_linenumber);",active,2014-12-02 04:48:03.280089+01
1417492122.1439,dbt3,5897,10,mark,psql,,-1,2014-12-02 04:48:03.276783+01,2014-12-02 04:48:03.280202+01,2014-12-02 04:48:03.280202+01,t,"
CREATE INDEX lineitem_l_partkey_l_quantity_idx
ON lineitem (l_partkey, l_quantity);",active,2014-12-02 04:48:03.280211+01
1417492122.1439,dbt3,5907,10,mark,psql,,-1,2014-12-02 04:48:42.142201+01,2014-12-02 04:48:42.1439+01,2014-12-02 04:48:42.1439+01,f,"COPY (SELECT EXTRACT(EPOCH FROM TRANSACTION_TIMESTAMP()) AS ctime, datname, pid, usesysid, usename, application_name, client_addr, client_port, backend_start, xact_start, query_start, waiting, query , state, state_change FROM pg_stat_activity) TO STDOUT (FORMAT CSV);",active,2014-12-02 04:48:42.143905+01
1417492122.1439,dbt3,5915,10,mark,psql,,-1,2014-12-02 04:48:42.143102+01,2014-12-02 04:48:42.144488+01,2014-12-02 04:48:42.144488+01,f,"COPY (SELECT EXTRACT(EPOCH FROM TRANSACTION_TIMESTAMP()) AS ctime, a.schemaname, a.relname, seq_scan, seq_tup_read, idx_scan, idx_tup_fetch, n_tup_ins, n_tup_upd, n_tup_del, n_tup_hot_upd, n_live_tup, n_dead_tup, heap_blks_read, heap_blks_hit, idx_blks_read, idx_blks_hit, toast_blks_read, toast_blks_hit, tidx_blks_read, tidx_blks_hit FROM pg_statio_all_tables a, pg_stat_all_tables b WHERE a.relid = b.relid) TO STDOUT (FORMAT CSV);",active,2014-12-02 04:48:42.144492+01
1417492122.1439,dbt3,5908,10,mark,psql,,-1,2014-12-02 04:48:42.142965+01,,,f,"",,
1417492122.1439,dbt3,5909,10,mark,psql,,-1,2014-12-02 04:48:42.143048+01,,,f,"",,
1417492122.1439,dbt3,5916,10,mark,psql,,-1,2014-12-02 04:48:42.143574+01,2014-12-02 04:48:42.145071+01,2014-12-02 04:48:42.145071+01,f,"COPY (SELECT EXTRACT(EPOCH FROM TRANSACTION_TIMESTAMP()) AS ctime, a.schemaname, a.relname, a.indexrelname, idx_scan, idx_tup_read, idx_tup_fetch, idx_blks_read, idx_blks_hit FROM pg_stat_all_indexes a, pg_statio_all_indexes b WHERE a.indexrelid = b.indexrelid) TO STDOUT (FORMAT CSV);",active,2014-12-02 04:48:42.145075+01
1417492182.147,dbt3,5896,10,mark,psql,,-1,2014-12-02 04:48:03.276632+01,2014-12-02 04:48:03.280078+01,2014-12-02 04:48:03.280078+01,f,"
ALTER TABLE lineitem
ADD CONSTRAINT pk_lineitem PRIMARY KEY (l_orderkey, l_linenumber);",active,2014-12-02 04:48:03.280089+01
1417492182.147,dbt3,5897,10,mark,psql,,-1,2014-12-02 04:48:03.276783+01,2014-12-02 04:48:03.280202+01,2014-12-02 04:48:03.280202+01,t,"
CREATE INDEX lineitem_l_partkey_l_quantity_idx
ON lineitem (l_partkey, l_quantity);",active,2014-12-02 04:48:03.280211+01
1417492182.147,dbt3,5925,10,mark,psql,,-1,2014-12-02 04:49:42.145301+01,2014-12-02 04:49:42.147008+01,2014-12-02 04:49:42.147008+01,f,"COPY (SELECT EXTRACT(EPOCH FROM TRANSACTION_TIMESTAMP()) AS ctime, a.schemaname, a.relname, seq_scan, seq_tup_read, idx_scan, idx_tup_fetch, n_tup_ins, n_tup_upd, n_tup_del, n_tup_hot_upd, n_live_tup, n_dead_tup, heap_blks_read, heap_blks_hit, idx_blks_read, idx_blks_hit, toast_blks_read, toast_blks_hit, tidx_blks_read, tidx_blks_hit FROM pg_statio_all_tables a, pg_stat_all_tables b WHERE a.relid = b.relid) TO STDOUT (FORMAT CSV);",active,2014-12-02 04:49:42.147013+01
1417492182.147,dbt3,5926,10,mark,psql,,-1,2014-12-02 04:49:42.145374+01,2014-12-02 04:49:42.146999+01,2014-12-02 04:49:42.146999+01,f,"COPY (SELECT EXTRACT(EPOCH FROM TRANSACTION_TIMESTAMP()) AS ctime, datname, pid, usesysid, usename, application_name, client_addr, client_port, backend_start, xact_start, query_start, waiting, query , state, state_change FROM pg_stat_activity) TO STDOUT (FORMAT CSV);",active,2014-12-02 04:49:42.147005+01
1417492182.147,dbt3,5929,10,mark,psql,,-1,2014-12-02 04:49:42.147121+01,2014-12-02 04:49:42.148534+01,2014-12-02 04:49:42.148534+01,f,"COPY (SELECT EXTRACT(EPOCH FROM TRANSACTION_TIMESTAMP()) AS ctime, a.schemaname, a.relname, a.indexrelname, idx_scan, idx_tup_read, idx_tup_fetch, idx_blks_read, idx_blks_hit FROM pg_stat_all_indexes a, pg_statio_all_indexes b WHERE a.indexrelid = b.indexrelid) TO STDOUT (FORMAT CSV);",active,2014-12-02 04:49:42.148538+01
1417492242.15082,dbt3,5896,10,mark,psql,,-1,2014-12-02 04:48:03.276632+01,2014-12-02 04:48:03.280078+01,2014-12-02 04:48:03.280078+01,f,"
ALTER TABLE lineitem
ADD CONSTRAINT pk_lineitem PRIMARY KEY (l_orderkey, l_linenumber);",active,2014-12-02 04:48:03.280089+01
1417492242.15082,dbt3,5897,10,mark,psql,,-1,2014-12-02 04:48:03.276783+01,2014-12-02 04:48:03.280202+01,2014-12-02 04:48:03.280202+01,t,"
CREATE INDEX lineitem_l_partkey_l_quantity_idx
ON lineitem (l_partkey, l_quantity);",active,2014-12-02 04:48:03.280211+01
1417492242.15082,dbt3,5938,10,mark,psql,,-1,2014-12-02 04:50:42.147439+01,2014-12-02 04:50:42.149166+01,2014-12-02 04:50:42.149166+01,f,"COPY (SELECT EXTRACT(EPOCH FROM TRANSACTION_TIMESTAMP()) AS ctime, a.schemaname, a.relname, a.indexrelname, idx_scan, idx_tup_read, idx_tup_fetch, idx_blks_read, idx_blks_hit FROM pg_stat_all_indexes a, pg_statio_all_indexes b WHERE a.indexrelid = b.indexrelid) TO STDOUT (FORMAT CSV);",active,2014-12-02 04:50:42.14917+01
1417492242.15082,dbt3,5939,10,mark,psql,,-1,2014-12-02 04:50:42.147556+01,2014-12-02 04:50:42.149141+01,2014-12-02 04:50:42.149141+01,f,"COPY (SELECT EXTRACT(EPOCH FROM TRANSACTION_TIMESTAMP()) AS ctime, datname, numbackends, xact_commit, xact_rollback, blks_read, blks_hit, tup_returned, tup_fetched, tup_inserted, tup_updated, tup_deleted FROM pg_stat_database) TO STDOUT (FORMAT CSV);",active,2014-12-02 04:50:42.149147+01
1417492242.15082,dbt3,5940,10,mark,psql,,-1,2014-12-02 04:50:42.148933+01,2014-12-02 04:50:42.150852+01,2014-12-02 04:50:42.150852+01,f,"COPY (SELECT EXTRACT(EPOCH FROM TRANSACTION_TIMESTAMP()) AS ctime, relname, pid, mode, granted FROM pg_locks, pg_class WHERE relfilenode = relation ORDER BY relname) TO STDOUT (FORMAT CSV);",active,2014-12-02 04:50:42.150856+01
1417492242.15082,dbt3,5941,10,mark,psql,,-1,2014-12-02 04:50:42.149038+01,2014-12-02 04:50:42.150823+01,2014-12-02 04:50:42.150823+01,f,"COPY (SELECT EXTRACT(EPOCH FROM TRANSACTION_TIMESTAMP()) AS ctime, datname, pid, usesysid, usename, application_name, client_addr, client_port, backend_start, xact_start, query_start, waiting, query , state, state_change FROM pg_stat_activity) TO STDOUT (FORMAT CSV);",active,2014-12-02 04:50:42.150827+01
1417492242.15082,dbt3,5942,10,mark,psql,,-1,2014-12-02 04:50:42.149129+01,2014-12-02 04:50:42.150821+01,2014-12-02 04:50:42.150821+01,f,"COPY (SELECT EXTRACT(EPOCH FROM TRANSACTION_TIMESTAMP()) AS ctime, a.schemaname, a.relname, seq_scan, seq_tup_read, idx_scan, idx_tup_fetch, n_tup_ins, n_tup_upd, n_tup_del, n_tup_hot_upd, n_live_tup, n_dead_tup, heap_blks_read, heap_blks_hit, idx_blks_read, idx_blks_hit, toast_blks_read, toast_blks_hit, tidx_blks_read, tidx_blks_hit FROM pg_statio_all_tables a, pg_stat_all_tables b WHERE a.relid = b.relid) TO STDOUT (FORMAT CSV);",active,2014-12-02 04:50:42.150826+01
1417492302.15236,dbt3,5896,10,mark,psql,,-1,2014-12-02 04:48:03.276632+01,2014-12-02 04:48:03.280078+01,2014-12-02 04:48:03.280078+01,f,"
ALTER TABLE lineitem
ADD CONSTRAINT pk_lineitem PRIMARY KEY (l_orderkey, l_linenumber);",active,2014-12-02 04:48:03.280089+01
1417492302.15236,dbt3,5897,10,mark,psql,,-1,2014-12-02 04:48:03.276783+01,2014-12-02 04:48:03.280202+01,2014-12-02 04:48:03.280202+01,t,"
CREATE INDEX lineitem_l_partkey_l_quantity_idx
ON lineitem (l_partkey, l_quantity);",active,2014-12-02 04:48:03.280211+01
1417492302.15236,dbt3,5951,10,mark,psql,,-1,2014-12-02 04:51:42.150683+01,2014-12-02 04:51:42.152358+01,2014-12-02 04:51:42.152358+01,f,"COPY (SELECT EXTRACT(EPOCH FROM TRANSACTION_TIMESTAMP()) AS ctime, datname, pid, usesysid, usename, application_name, client_addr, client_port, backend_start, xact_start, query_start, waiting, query , state, state_change FROM pg_stat_activity) TO STDOUT (FORMAT CSV);",active,2014-12-02 04:51:42.152363+01
1417492302.15236,dbt3,5952,10,mark,psql,,-1,2014-12-02 04:51:42.150766+01,2014-12-02 04:51:42.15249+01,2014-12-02 04:51:42.15249+01,f,"COPY (SELECT EXTRACT(EPOCH FROM TRANSACTION_TIMESTAMP()) AS ctime, a.schemaname, a.relname, seq_scan, seq_tup_read, idx_scan, idx_tup_fetch, n_tup_ins, n_tup_upd, n_tup_del, n_tup_hot_upd, n_live_tup, n_dead_tup, heap_blks_read, heap_blks_hit, idx_blks_read, idx_blks_hit, toast_blks_read, toast_blks_hit, tidx_blks_read, tidx_blks_hit FROM pg_statio_all_tables a, pg_stat_all_tables b WHERE a.relid = b.relid) TO STDOUT (FORMAT CSV);",active,2014-12-02 04:51:42.152507+01
1417492302.15236,dbt3,5955,10,mark,psql,,-1,2014-12-02 04:51:42.152422+01,2014-12-02 04:51:42.153946+01,2014-12-02 04:51:42.153946+01,f,"COPY (SELECT EXTRACT(EPOCH FROM TRANSACTION_TIMESTAMP()) AS ctime, a.schemaname, a.relname, a.indexrelname, idx_scan, idx_tup_read, idx_tup_fetch, idx_blks_read, idx_blks_hit FROM pg_stat_all_indexes a, pg_statio_all_indexes b WHERE a.indexrelid = b.indexrelid) TO STDOUT (FORMAT CSV);",active,2014-12-02 04:51:42.153951+01
1417492362.15746,dbt3,5896,10,mark,psql,,-1,2014-12-02 04:48:03.276632+01,2014-12-02 04:48:03.280078+01,2014-12-02 04:48:03.280078+01,f,"
ALTER TABLE lineitem
ADD CONSTRAINT pk_lineitem PRIMARY KEY (l_orderkey, l_linenumber);",active,2014-12-02 04:48:03.280089+01
1417492362.15746,dbt3,5897,10,mark,psql,,-1,2014-12-02 04:48:03.276783+01,2014-12-02 04:48:03.280202+01,2014-12-02 04:48:03.280202+01,t,"
CREATE INDEX lineitem_l_partkey_l_quantity_idx
ON lineitem (l_partkey, l_quantity);",active,2014-12-02 04:48:03.280211+01
1417492362.15746,dbt3,5964,10,mark,psql,,-1,2014-12-02 04:52:42.15282+01,2014-12-02 04:52:42.154373+01,2014-12-02 04:52:42.154373+01,f,"COPY (SELECT EXTRACT(EPOCH FROM TRANSACTION_TIMESTAMP()) AS ctime, datname, numbackends, xact_commit, xact_rollback, blks_read, blks_hit, tup_returned, tup_fetched, tup_inserted, tup_updated, tup_deleted FROM pg_stat_database) TO STDOUT (FORMAT CSV);",active,2014-12-02 04:52:42.154379+01
1417492362.15746,dbt3,5965,10,mark,psql,,-1,2014-12-02 04:52:42.153061+01,2014-12-02 04:52:42.154471+01,2014-12-02 04:52:42.154471+01,f,"COPY (SELECT EXTRACT(EPOCH FROM TRANSACTION_TIMESTAMP()) AS ctime, a.schemaname, a.relname, a.indexrelname, idx_scan, idx_tup_read, idx_tup_fetch, idx_blks_read, idx_blks_hit FROM pg_stat_all_indexes a, pg_statio_all_indexes b WHERE a.indexrelid = b.indexrelid) TO STDOUT (FORMAT CSV);",active,2014-12-02 04:52:42.154475+01
1417492362.15746,dbt3,5966,10,mark,psql,,-1,2014-12-02 04:52:42.154365+01,2014-12-02 04:52:42.157173+01,2014-12-02 04:52:42.157173+01,f,"COPY (SELECT EXTRACT(EPOCH FROM TRANSACTION_TIMESTAMP()) AS ctime, relname, pid, mode, granted FROM pg_locks, pg_class WHERE relfilenode = relation ORDER BY relname) TO STDOUT (FORMAT CSV);",active,2014-12-02 04:52:42.157182+01
1417492362.15746,dbt3,5967,10,mark,psql,,-1,2014-12-02 04:52:42.154508+01,2014-12-02 04:52:42.157166+01,2014-12-02 04:52:42.157166+01,f,"COPY (SELECT EXTRACT(EPOCH FROM TRANSACTION_TIMESTAMP()) AS ctime, a.schemaname, a.relname, seq_scan, seq_tup_read, idx_scan, idx_tup_fetch, n_tup_ins, n_tup_upd, n_tup_del, n_tup_hot_upd, n_live_tup, n_dead_tup, heap_blks_read, heap_blks_hit, idx_blks_read, idx_blks_hit, toast_blks_read, toast_blks_hit, tidx_blks_read, tidx_blks_hit FROM pg_statio_all_tables a, pg_stat_all_tables b WHERE a.relid = b.relid) TO STDOUT (FORMAT CSV);",active,2014-12-02 04:52:42.157177+01
1417492362.15746,dbt3,5968,10,mark,psql,,-1,2014-12-02 04:52:42.15469+01,2014-12-02 04:52:42.157459+01,2014-12-02 04:52:42.157459+01,f,"COPY (SELECT EXTRACT(EPOCH FROM TRANSACTION_TIMESTAMP()) AS ctime, datname, pid, usesysid, usename, application_name, client_addr, client_port, backend_start, xact_start, query_start, waiting, query , state, state_change FROM pg_stat_activity) TO STDOUT (FORMAT CSV);",active,2014-12-02 04:52:42.157471+01
1417492422.15765,dbt3,5977,10,mark,psql,,-1,2014-12-02 04:53:42.155822+01,2014-12-02 04:53:42.157635+01,2014-12-02 04:53:42.157635+01,f,"COPY (SELECT EXTRACT(EPOCH FROM TRANSACTION_TIMESTAMP()) AS ctime, a.schemaname, a.relname, seq_scan, seq_tup_read, idx_scan, idx_tup_fetch, n_tup_ins, n_tup_upd, n_tup_del, n_tup_hot_upd, n_live_tup, n_dead_tup, heap_blks_read, heap_blks_hit, idx_blks_read, idx_blks_hit, toast_blks_read, toast_blks_hit, tidx_blks_read, tidx_blks_hit FROM pg_statio_all_tables a, pg_stat_all_tables b WHERE a.relid = b.relid) TO STDOUT (FORMAT CSV);",active,2014-12-02 04:53:42.157641+01
1417492422.15765,dbt3,5897,10,mark,psql,,-1,2014-12-02 04:48:03.276783+01,2014-12-02 04:48:03.280202+01,2014-12-02 04:48:03.280202+01,f,"
CREATE INDEX lineitem_l_partkey_l_quantity_idx
ON lineitem (l_partkey, l_quantity);",active,2014-12-02 04:48:03.280211+01
1417492422.15765,dbt3,5978,10,mark,psql,,-1,2014-12-02 04:53:42.155924+01,2014-12-02 04:53:42.157649+01,2014-12-02 04:53:42.157649+01,f,"COPY (SELECT EXTRACT(EPOCH FROM TRANSACTION_TIMESTAMP()) AS ctime, datname, pid, usesysid, usename, application_name, client_addr, client_port, backend_start, xact_start, query_start, waiting, query , state, state_change FROM pg_stat_activity) TO STDOUT (FORMAT CSV);",active,2014-12-02 04:53:42.157653+01
1417492422.15765,dbt3,5979,10,mark,psql,,-1,2014-12-02 04:53:42.15639+01,2014-12-02 04:53:42.159258+01,2014-12-02 04:53:42.159258+01,f,"COPY (SELECT EXTRACT(EPOCH FROM TRANSACTION_TIMESTAMP()) AS ctime, a.schemaname, a.relname, a.indexrelname, idx_scan, idx_tup_read, idx_tup_fetch, idx_blks_read, idx_blks_hit FROM pg_stat_all_indexes a, pg_statio_all_indexes b WHERE a.indexrelid = b.indexrelid) TO STDOUT (FORMAT CSV);",active,2014-12-02 04:53:42.159268+01
1417492422.15765,dbt3,5980,10,mark,psql,,-1,2014-12-02 04:53:42.156974+01,2014-12-02 04:53:42.159772+01,2014-12-02 04:53:42.159772+01,f,"COPY (SELECT EXTRACT(EPOCH FROM TRANSACTION_TIMESTAMP()) AS ctime, relname, pid, mode, granted FROM pg_locks, pg_class WHERE relfilenode = relation ORDER BY relname) TO STDOUT (FORMAT CSV);",active,2014-12-02 04:53:42.159781+01
1417492482.16191,dbt3,5990,10,mark,psql,,-1,2014-12-02 04:54:42.159083+01,2014-12-02 04:54:42.160795+01,2014-12-02 04:54:42.160795+01,f,"COPY (SELECT EXTRACT(EPOCH FROM TRANSACTION_TIMESTAMP()) AS ctime, a.schemaname, a.relname, a.indexrelname, idx_scan, idx_tup_read, idx_tup_fetch, idx_blks_read, idx_blks_hit FROM pg_stat_all_indexes a, pg_statio_all_indexes b WHERE a.indexrelid = b.indexrelid) TO STDOUT (FORMAT CSV);",active,2014-12-02 04:54:42.160799+01
1417492482.16191,dbt3,5897,10,mark,psql,,-1,2014-12-02 04:48:03.276783+01,2014-12-02 04:48:03.280202+01,2014-12-02 04:48:03.280202+01,f,"
CREATE INDEX lineitem_l_partkey_l_quantity_idx
ON lineitem (l_partkey, l_quantity);",active,2014-12-02 04:48:03.280211+01
1417492482.16191,dbt3,5992,10,mark,psql,,-1,2014-12-02 04:54:42.159274+01,2014-12-02 04:54:42.160793+01,2014-12-02 04:54:42.160793+01,f,"COPY (SELECT EXTRACT(EPOCH FROM TRANSACTION_TIMESTAMP()) AS ctime, a.schemaname, a.relname, seq_scan, seq_tup_read, idx_scan, idx_tup_fetch, n_tup_ins, n_tup_upd, n_tup_del, n_tup_hot_upd, n_live_tup, n_dead_tup, heap_blks_read, heap_blks_hit, idx_blks_read, idx_blks_hit, toast_blks_read, toast_blks_hit, tidx_blks_read, tidx_blks_hit FROM pg_statio_all_tables a, pg_stat_all_tables b WHERE a.relid = b.relid) TO STDOUT (FORMAT CSV);",active,2014-12-02 04:54:42.160799+01
1417492482.16191,dbt3,5991,10,mark,psql,,-1,2014-12-02 04:54:42.15929+01,2014-12-02 04:54:42.161914+01,2014-12-02 04:54:42.161914+01,f,"COPY (SELECT EXTRACT(EPOCH FROM TRANSACTION_TIMESTAMP()) AS ctime, datname, pid, usesysid, usename, application_name, client_addr, client_port, backend_start, xact_start, query_start, waiting, query , state, state_change FROM pg_stat_activity) TO STDOUT (FORMAT CSV);",active,2014-12-02 04:54:42.161919+01
1417492482.16191,dbt3,5993,10,mark,psql,,-1,2014-12-02 04:54:42.160236+01,2014-12-02 04:54:42.162265+01,2014-12-02 04:54:42.162265+01,f,"COPY (SELECT EXTRACT(EPOCH FROM TRANSACTION_TIMESTAMP()) AS ctime, relname, pid, mode, granted FROM pg_locks, pg_class WHERE relfilenode = relation ORDER BY relname) TO STDOUT (FORMAT CSV);",active,2014-12-02 04:54:42.162269+01
1417492482.16191,dbt3,5994,10,mark,psql,,-1,2014-12-02 04:54:42.160806+01,2014-12-02 04:54:42.162355+01,2014-12-02 04:54:42.162355+01,f,"COPY (SELECT EXTRACT(EPOCH FROM TRANSACTION_TIMESTAMP()) AS ctime, datname, numbackends, xact_commit, xact_rollback, blks_read, blks_hit, tup_returned, tup_fetched, tup_inserted, tup_updated, tup_deleted FROM pg_stat_database) TO STDOUT (FORMAT CSV);",active,2014-12-02 04:54:42.16236+01
1417492542.16554,dbt3,6003,10,mark,psql,,-1,2014-12-02 04:55:42.161088+01,2014-12-02 04:55:42.162722+01,2014-12-02 04:55:42.162722+01,f,"COPY (SELECT EXTRACT(EPOCH FROM TRANSACTION_TIMESTAMP()) AS ctime, datname, numbackends, xact_commit, xact_rollback, blks_read, blks_hit, tup_returned, tup_fetched, tup_inserted, tup_updated, tup_deleted FROM pg_stat_database) TO STDOUT (FORMAT CSV);",active,2014-12-02 04:55:42.162728+01
1417492542.16554,dbt3,5897,10,mark,psql,,-1,2014-12-02 04:48:03.276783+01,2014-12-02 04:48:03.280202+01,2014-12-02 04:48:03.280202+01,f,"
CREATE INDEX lineitem_l_partkey_l_quantity_idx
ON lineitem (l_partkey, l_quantity);",active,2014-12-02 04:48:03.280211+01
1417492542.16554,dbt3,6004,10,mark,psql,,-1,2014-12-02 04:55:42.161407+01,2014-12-02 04:55:42.162788+01,2014-12-02 04:55:42.162788+01,f,"COPY (SELECT EXTRACT(EPOCH FROM TRANSACTION_TIMESTAMP()) AS ctime, a.schemaname, a.relname, a.indexrelname, idx_scan, idx_tup_read, idx_tup_fetch, idx_blks_read, idx_blks_hit FROM pg_stat_all_indexes a, pg_statio_all_indexes b WHERE a.indexrelid = b.indexrelid) TO STDOUT (FORMAT CSV);",active,2014-12-02 04:55:42.162792+01
1417492542.16554,dbt3,6005,10,mark,psql,,-1,2014-12-02 04:55:42.162394+01,2014-12-02 04:55:42.165567+01,2014-12-02 04:55:42.165567+01,f,"COPY (SELECT EXTRACT(EPOCH FROM TRANSACTION_TIMESTAMP()) AS ctime, relname, pid, mode, granted FROM pg_locks, pg_class WHERE relfilenode = relation ORDER BY relname) TO STDOUT (FORMAT CSV);",active,2014-12-02 04:55:42.165577+01
1417492542.16554,dbt3,6006,10,mark,psql,,-1,2014-12-02 04:55:42.16252+01,2014-12-02 04:55:42.165537+01,2014-12-02 04:55:42.165537+01,f,"COPY (SELECT EXTRACT(EPOCH FROM TRANSACTION_TIMESTAMP()) AS ctime, datname, pid, usesysid, usename, application_name, client_addr, client_port, backend_start, xact_start, query_start, waiting, query , state, state_change FROM pg_stat_activity) TO STDOUT (FORMAT CSV);",active,2014-12-02 04:55:42.165547+01
1417492542.16554,dbt3,6007,10,mark,psql,,-1,2014-12-02 04:55:42.16282+01,2014-12-02 04:55:42.165595+01,2014-12-02 04:55:42.165595+01,f,"COPY (SELECT EXTRACT(EPOCH FROM TRANSACTION_TIMESTAMP()) AS ctime, a.schemaname, a.relname, seq_scan, seq_tup_read, idx_scan, idx_tup_fetch, n_tup_ins, n_tup_upd, n_tup_del, n_tup_hot_upd, n_live_tup, n_dead_tup, heap_blks_read, heap_blks_hit, idx_blks_read, idx_blks_hit, toast_blks_read, toast_blks_hit, tidx_blks_read, tidx_blks_hit FROM pg_statio_all_tables a, pg_stat_all_tables b WHERE a.relid = b.relid) TO STDOUT (FORMAT CSV);",active,2014-12-02 04:55:42.165607+01
1417492602.16596,dbt3,6016,10,mark,psql,,-1,2014-12-02 04:56:42.164177+01,2014-12-02 04:56:42.165958+01,2014-12-02 04:56:42.165958+01,f,"COPY (SELECT EXTRACT(EPOCH FROM TRANSACTION_TIMESTAMP()) AS ctime, datname, pid, usesysid, usename, application_name, client_addr, client_port, backend_start, xact_start, query_start, waiting, query , state, state_change FROM pg_stat_activity) TO STDOUT (FORMAT CSV);",active,2014-12-02 04:56:42.165962+01
1417492602.16596,dbt3,5897,10,mark,psql,,-1,2014-12-02 04:48:03.276783+01,2014-12-02 04:48:03.280202+01,2014-12-02 04:48:03.280202+01,f,"
CREATE INDEX lineitem_l_partkey_l_quantity_idx
ON lineitem (l_partkey, l_quantity);",active,2014-12-02 04:48:03.280211+01
1417492602.16596,dbt3,6018,10,mark,psql,,-1,2014-12-02 04:56:42.16436+01,2014-12-02 04:56:42.165955+01,2014-12-02 04:56:42.165955+01,f,"COPY (SELECT EXTRACT(EPOCH FROM TRANSACTION_TIMESTAMP()) AS ctime, a.schemaname, a.relname, a.indexrelname, idx_scan, idx_tup_read, idx_tup_fetch, idx_blks_read, idx_blks_hit FROM pg_stat_all_indexes a, pg_statio_all_indexes b WHERE a.indexrelid = b.indexrelid) TO STDOUT (FORMAT CSV);",active,2014-12-02 04:56:42.165961+01
1417492602.16596,dbt3,6017,10,mark,psql,,-1,2014-12-02 04:56:42.164346+01,2014-12-02 04:56:42.167262+01,2014-12-02 04:56:42.167262+01,f,"COPY (SELECT EXTRACT(EPOCH FROM TRANSACTION_TIMESTAMP()) AS ctime, datname, numbackends, xact_commit, xact_rollback, blks_read, blks_hit, tup_returned, tup_fetched, tup_inserted, tup_updated, tup_deleted FROM pg_stat_database) TO STDOUT (FORMAT CSV);",active,2014-12-02 04:56:42.167272+01
1417492602.16596,dbt3,6019,10,mark,psql,,-1,2014-12-02 04:56:42.165252+01,2014-12-02 04:56:42.166653+01,2014-12-02 04:56:42.166653+01,f,"COPY (SELECT EXTRACT(EPOCH FROM TRANSACTION_TIMESTAMP()) AS ctime, relname, pid, mode, granted FROM pg_locks, pg_class WHERE relfilenode = relation ORDER BY relname) TO STDOUT (FORMAT CSV);",active,2014-12-02 04:56:42.166657+01
1417492662.16899,dbt3,6029,10,mark,psql,,-1,2014-12-02 04:57:42.167295+01,2014-12-02 04:57:42.168991+01,2014-12-02 04:57:42.168991+01,f,"COPY (SELECT EXTRACT(EPOCH FROM TRANSACTION_TIMESTAMP()) AS ctime, datname, pid, usesysid, usename, application_name, client_addr, client_port, backend_start, xact_start, query_start, waiting, query , state, state_change FROM pg_stat_activity) TO STDOUT (FORMAT CSV);",active,2014-12-02 04:57:42.168996+01
1417492662.16899,dbt3,5897,10,mark,psql,,-1,2014-12-02 04:48:03.276783+01,2014-12-02 04:48:03.280202+01,2014-12-02 04:48:03.280202+01,f,"
CREATE INDEX lineitem_l_partkey_l_quantity_idx
ON lineitem (l_partkey, l_quantity);",active,2014-12-02 04:48:03.280211+01
1417492662.16899,dbt3,6030,10,mark,psql,,-1,2014-12-02 04:57:42.167384+01,2014-12-02 04:57:42.169096+01,2014-12-02 04:57:42.169096+01,f,"COPY (SELECT EXTRACT(EPOCH FROM TRANSACTION_TIMESTAMP()) AS ctime, a.schemaname, a.relname, seq_scan, seq_tup_read, idx_scan, idx_tup_fetch, n_tup_ins, n_tup_upd, n_tup_del, n_tup_hot_upd, n_live_tup, n_dead_tup, heap_blks_read, heap_blks_hit, idx_blks_read, idx_blks_hit, toast_blks_read, toast_blks_hit, tidx_blks_read, tidx_blks_hit FROM pg_statio_all_tables a, pg_stat_all_tables b WHERE a.relid = b.relid) TO STDOUT (FORMAT CSV);",active,2014-12-02 04:57:42.169101+01
1417492722.17389,dbt3,6042,10,mark,psql,,-1,2014-12-02 04:58:42.169591+01,2014-12-02 04:58:42.171303+01,2014-12-02 04:58:42.171303+01,f,"COPY (SELECT EXTRACT(EPOCH FROM TRANSACTION_TIMESTAMP()) AS ctime, datname, numbackends, xact_commit, xact_rollback, blks_read, blks_hit, tup_returned, tup_fetched, tup_inserted, tup_updated, tup_deleted FROM pg_stat_database) TO STDOUT (FORMAT CSV);",active,2014-12-02 04:58:42.171309+01
1417492722.17389,dbt3,5897,10,mark,psql,,-1,2014-12-02 04:48:03.276783+01,2014-12-02 04:48:03.280202+01,2014-12-02 04:48:03.280202+01,f,"
CREATE INDEX lineitem_l_partkey_l_quantity_idx
ON lineitem (l_partkey, l_quantity);",active,2014-12-02 04:48:03.280211+01
1417492722.17389,dbt3,6043,10,mark,psql,,-1,2014-12-02 04:58:42.16968+01,2014-12-02 04:58:42.171456+01,2014-12-02 04:58:42.171456+01,f,"COPY (SELECT EXTRACT(EPOCH FROM TRANSACTION_TIMESTAMP()) AS ctime, a.schemaname, a.relname, a.indexrelname, idx_scan, idx_tup_read, idx_tup_fetch, idx_blks_read, idx_blks_hit FROM pg_stat_all_indexes a, pg_statio_all_indexes b WHERE a.indexrelid = b.indexrelid) TO STDOUT (FORMAT CSV);",active,2014-12-02 04:58:42.171473+01
1417492722.17389,dbt3,6044,10,mark,psql,,-1,2014-12-02 04:58:42.170896+01,2014-12-02 04:58:42.173895+01,2014-12-02 04:58:42.173895+01,f,"COPY (SELECT EXTRACT(EPOCH FROM TRANSACTION_TIMESTAMP()) AS ctime, datname, pid, usesysid, usename, application_name, client_addr, client_port, backend_start, xact_start, query_start, waiting, query , state, state_change FROM pg_stat_activity) TO STDOUT (FORMAT CSV);",active,2014-12-02 04:58:42.1739+01
1417492722.17389,dbt3,6045,10,mark,psql,,-1,2014-12-02 04:58:42.170984+01,2014-12-02 04:58:42.17386+01,2014-12-02 04:58:42.17386+01,f,"COPY (SELECT EXTRACT(EPOCH FROM TRANSACTION_TIMESTAMP()) AS ctime, relname, pid, mode, granted FROM pg_locks, pg_class WHERE relfilenode = relation ORDER BY relname) TO STDOUT (FORMAT CSV);",active,2014-12-02 04:58:42.173865+01
1417492722.17389,dbt3,6046,10,mark,psql,,-1,2014-12-02 04:58:42.171363+01,2014-12-02 04:58:42.173872+01,2014-12-02 04:58:42.173872+01,f,"COPY (SELECT EXTRACT(EPOCH FROM TRANSACTION_TIMESTAMP()) AS ctime, a.schemaname, a.relname, seq_scan, seq_tup_read, idx_scan, idx_tup_fetch, n_tup_ins, n_tup_upd, n_tup_del, n_tup_hot_upd, n_live_tup, n_dead_tup, heap_blks_read, heap_blks_hit, idx_blks_read, idx_blks_hit, toast_blks_read, toast_blks_hit, tidx_blks_read, tidx_blks_hit FROM pg_statio_all_tables a, pg_stat_all_tables b WHERE a.relid = b.relid) TO STDOUT (FORMAT CSV);",active,2014-12-02 04:58:42.173876+01
1417492782.17422,dbt3,6055,10,mark,psql,,-1,2014-12-02 04:59:42.172566+01,2014-12-02 04:59:42.174219+01,2014-12-02 04:59:42.174219+01,f,"COPY (SELECT EXTRACT(EPOCH FROM TRANSACTION_TIMESTAMP()) AS ctime, datname, pid, usesysid, usename, application_name, client_addr, client_port, backend_start, xact_start, query_start, waiting, query , state, state_change FROM pg_stat_activity) TO STDOUT (FORMAT CSV);",active,2014-12-02 04:59:42.174225+01
1417492782.17422,dbt3,5897,10,mark,psql,,-1,2014-12-02 04:48:03.276783+01,2014-12-02 04:48:03.280202+01,2014-12-02 04:48:03.280202+01,f,"
CREATE INDEX lineitem_l_partkey_l_quantity_idx
ON lineitem (l_partkey, l_quantity);",active,2014-12-02 04:48:03.280211+01
1417492782.17422,dbt3,6056,10,mark,psql,,-1,2014-12-02 04:59:42.172758+01,2014-12-02 04:59:42.175615+01,2014-12-02 04:59:42.175615+01,f,"COPY (SELECT EXTRACT(EPOCH FROM TRANSACTION_TIMESTAMP()) AS ctime, a.schemaname, a.relname, seq_scan, seq_tup_read, idx_scan, idx_tup_fetch, n_tup_ins, n_tup_upd, n_tup_del, n_tup_hot_upd, n_live_tup, n_dead_tup, heap_blks_read, heap_blks_hit, idx_blks_read, idx_blks_hit, toast_blks_read, toast_blks_hit, tidx_blks_read, tidx_blks_hit FROM pg_statio_all_tables a, pg_stat_all_tables b WHERE a.relid = b.relid) TO STDOUT (FORMAT CSV);",active,2014-12-02 04:59:42.175626+01
1417492782.17422,dbt3,6057,10,mark,psql,,-1,2014-12-02 04:59:42.173933+01,2014-12-02 04:59:42.175365+01,2014-12-02 04:59:42.175365+01,f,"COPY (SELECT EXTRACT(EPOCH FROM TRANSACTION_TIMESTAMP()) AS ctime, relname, pid, mode, granted FROM pg_locks, pg_class WHERE relfilenode = relation ORDER BY relname) TO STDOUT (FORMAT CSV);",active,2014-12-02 04:59:42.175369+01
1417492842.17927,dbt3,6088,10,mark,psql,,-1,2014-12-02 05:00:42.175302+01,2014-12-02 05:00:42.17698+01,2014-12-02 05:00:42.17698+01,f,"COPY (SELECT EXTRACT(EPOCH FROM TRANSACTION_TIMESTAMP()) AS ctime, a.schemaname, a.relname, a.indexrelname, idx_scan, idx_tup_read, idx_tup_fetch, idx_blks_read, idx_blks_hit FROM pg_stat_all_indexes a, pg_statio_all_indexes b WHERE a.indexrelid = b.indexrelid) TO STDOUT (FORMAT CSV);",active,2014-12-02 05:00:42.177027+01
1417492842.17927,dbt3,5897,10,mark,psql,,-1,2014-12-02 04:48:03.276783+01,2014-12-02 04:48:03.280202+01,2014-12-02 04:48:03.280202+01,f,"
CREATE INDEX lineitem_l_partkey_l_quantity_idx
ON lineitem (l_partkey, l_quantity);",active,2014-12-02 04:48:03.280211+01
1417492842.17927,dbt3,6089,10,mark,psql,,-1,2014-12-02 05:00:42.175397+01,2014-12-02 05:00:42.177004+01,2014-12-02 05:00:42.177004+01,f,"COPY (SELECT EXTRACT(EPOCH FROM TRANSACTION_TIMESTAMP()) AS ctime, a.schemaname, a.relname, seq_scan, seq_tup_read, idx_scan, idx_tup_fetch, n_tup_ins, n_tup_upd, n_tup_del, n_tup_hot_upd, n_live_tup, n_dead_tup, heap_blks_read, heap_blks_hit, idx_blks_read, idx_blks_hit, toast_blks_read, toast_blks_hit, tidx_blks_read, tidx_blks_hit FROM pg_statio_all_tables a, pg_stat_all_tables b WHERE a.relid = b.relid) TO STDOUT (FORMAT CSV);",active,2014-12-02 05:00:42.177009+01
1417492842.17927,dbt3,6090,10,mark,psql,,-1,2014-12-02 05:00:42.176302+01,2014-12-02 05:00:42.179268+01,2014-12-02 05:00:42.179268+01,f,"COPY (SELECT EXTRACT(EPOCH FROM TRANSACTION_TIMESTAMP()) AS ctime, datname, pid, usesysid, usename, application_name, client_addr, client_port, backend_start, xact_start, query_start, waiting, query , state, state_change FROM pg_stat_activity) TO STDOUT (FORMAT CSV);",active,2014-12-02 05:00:42.179278+01
1417492842.17927,dbt3,6091,10,mark,psql,,-1,2014-12-02 05:00:42.176463+01,2014-12-02 05:00:42.179556+01,2014-12-02 05:00:42.179556+01,f,"COPY (SELECT EXTRACT(EPOCH FROM TRANSACTION_TIMESTAMP()) AS ctime, relname, pid, mode, granted FROM pg_locks, pg_class WHERE relfilenode = relation ORDER BY relname) TO STDOUT (FORMAT CSV);",active,2014-12-02 05:00:42.179565+01
1417492842.17927,dbt3,6092,10,mark,psql,,-1,2014-12-02 05:00:42.176615+01,2014-12-02 05:00:42.179577+01,2014-12-02 05:00:42.179577+01,f,"COPY (SELECT EXTRACT(EPOCH FROM TRANSACTION_TIMESTAMP()) AS ctime, datname, numbackends, xact_commit, xact_rollback, blks_read, blks_hit, tup_returned, tup_fetched, tup_inserted, tup_updated, tup_deleted FROM pg_stat_database) TO STDOUT (FORMAT CSV);",active,2014-12-02 05:00:42.179585+01
1417492902.17997,dbt3,6101,10,mark,psql,,-1,2014-12-02 05:01:42.178174+01,2014-12-02 05:01:42.179966+01,2014-12-02 05:01:42.179966+01,f,"COPY (SELECT EXTRACT(EPOCH FROM TRANSACTION_TIMESTAMP()) AS ctime, a.schemaname, a.relname, seq_scan, seq_tup_read, idx_scan, idx_tup_fetch, n_tup_ins, n_tup_upd, n_tup_del, n_tup_hot_upd, n_live_tup, n_dead_tup, heap_blks_read, heap_blks_hit, idx_blks_read, idx_blks_hit, toast_blks_read, toast_blks_hit, tidx_blks_read, tidx_blks_hit FROM pg_statio_all_tables a, pg_stat_all_tables b WHERE a.relid = b.relid) TO STDOUT (FORMAT CSV);",active,2014-12-02 05:01:42.179971+01
1417492902.17997,dbt3,5897,10,mark,psql,,-1,2014-12-02 04:48:03.276783+01,2014-12-02 04:48:03.280202+01,2014-12-02 04:48:03.280202+01,f,"
CREATE INDEX lineitem_l_partkey_l_quantity_idx
ON lineitem (l_partkey, l_quantity);",active,2014-12-02 04:48:03.280211+01
1417492902.17997,dbt3,6102,10,mark,psql,,-1,2014-12-02 05:01:42.17828+01,2014-12-02 05:01:42.179965+01,2014-12-02 05:01:42.179965+01,f,"COPY (SELECT EXTRACT(EPOCH FROM TRANSACTION_TIMESTAMP()) AS ctime, datname, pid, usesysid, usename, application_name, client_addr, client_port, backend_start, xact_start, query_start, waiting, query , state, state_change FROM pg_stat_activity) TO STDOUT (FORMAT CSV);",active,2014-12-02 05:01:42.179971+01
1417492902.17997,dbt3,6103,10,mark,psql,,-1,2014-12-02 05:01:42.17919+01,,,f,"",,
1417492962.18439,dbt3,6115,10,mark,psql,,-1,2014-12-02 05:02:42.181211+01,2014-12-02 05:02:42.182836+01,2014-12-02 05:02:42.182836+01,f,"COPY (SELECT EXTRACT(EPOCH FROM TRANSACTION_TIMESTAMP()) AS ctime, a.schemaname, a.relname, seq_scan, seq_tup_read, idx_scan, idx_tup_fetch, n_tup_ins, n_tup_upd, n_tup_del, n_tup_hot_upd, n_live_tup, n_dead_tup, heap_blks_read, heap_blks_hit, idx_blks_read, idx_blks_hit, toast_blks_read, toast_blks_hit, tidx_blks_read, tidx_blks_hit FROM pg_statio_all_tables a, pg_stat_all_tables b WHERE a.relid = b.relid) TO STDOUT (FORMAT CSV);",active,2014-12-02 05:02:42.182842+01
1417492962.18439,dbt3,5897,10,mark,psql,,-1,2014-12-02 04:48:03.276783+01,2014-12-02 04:48:03.280202+01,2014-12-02 04:48:03.280202+01,f,"
CREATE INDEX lineitem_l_partkey_l_quantity_idx
ON lineitem (l_partkey, l_quantity);",active,2014-12-02 04:48:03.280211+01
1417492962.18439,dbt3,6114,10,mark,psql,,-1,2014-12-02 05:02:42.181236+01,2014-12-02 05:02:42.18439+01,2014-12-02 05:02:42.18439+01,f,"COPY (SELECT EXTRACT(EPOCH FROM TRANSACTION_TIMESTAMP()) AS ctime, datname, pid, usesysid, usename, application_name, client_addr, client_port, backend_start, xact_start, query_start, waiting, query , state, state_change FROM pg_stat_activity) TO STDOUT (FORMAT CSV);",active,2014-12-02 05:02:42.1844+01
1417492962.18439,dbt3,6117,10,mark,psql,,-1,2014-12-02 05:02:42.182672+01,2014-12-02 05:02:42.185562+01,2014-12-02 05:02:42.185562+01,f,"COPY (SELECT EXTRACT(EPOCH FROM TRANSACTION_TIMESTAMP()) AS ctime, datname, numbackends, xact_commit, xact_rollback, blks_read, blks_hit, tup_returned, tup_fetched, tup_inserted, tup_updated, tup_deleted FROM pg_stat_database) TO STDOUT (FORMAT CSV);",active,2014-12-02 05:02:42.185567+01
1417492962.18439,dbt3,6118,10,mark,psql,,-1,2014-12-02 05:02:42.183242+01,2014-12-02 05:02:42.185848+01,2014-12-02 05:02:42.185848+01,f,"COPY (SELECT EXTRACT(EPOCH FROM TRANSACTION_TIMESTAMP()) AS ctime, a.schemaname, a.relname, a.indexrelname, idx_scan, idx_tup_read, idx_tup_fetch, idx_blks_read, idx_blks_hit FROM pg_stat_all_indexes a, pg_statio_all_indexes b WHERE a.indexrelid = b.indexrelid) TO STDOUT (FORMAT CSV);",active,2014-12-02 05:02:42.185854+01
1417493022.18695,dbt3,6127,10,mark,psql,,-1,2014-12-02 05:03:42.183457+01,2014-12-02 05:03:42.185139+01,2014-12-02 05:03:42.185139+01,f,"COPY (SELECT EXTRACT(EPOCH FROM TRANSACTION_TIMESTAMP()) AS ctime, a.schemaname, a.relname, a.indexrelname, idx_scan, idx_tup_read, idx_tup_fetch, idx_blks_read, idx_blks_hit FROM pg_stat_all_indexes a, pg_statio_all_indexes b WHERE a.indexrelid = b.indexrelid) TO STDOUT (FORMAT CSV);",active,2014-12-02 05:03:42.185145+01
1417493022.18695,dbt3,5897,10,mark,psql,,-1,2014-12-02 04:48:03.276783+01,2014-12-02 04:48:03.280202+01,2014-12-02 04:48:03.280202+01,f,"
CREATE INDEX lineitem_l_partkey_l_quantity_idx
ON lineitem (l_partkey, l_quantity);",active,2014-12-02 04:48:03.280211+01
1417493022.18695,dbt3,6129,10,mark,psql,,-1,2014-12-02 05:03:42.185232+01,2014-12-02 05:03:42.18688+01,2014-12-02 05:03:42.18688+01,f,"COPY (SELECT EXTRACT(EPOCH FROM TRANSACTION_TIMESTAMP()) AS ctime, datname, numbackends, xact_commit, xact_rollback, blks_read, blks_hit, tup_returned, tup_fetched, tup_inserted, tup_updated, tup_deleted FROM pg_stat_database) TO STDOUT (FORMAT CSV);",active,2014-12-02 05:03:42.186885+01
1417493022.18695,dbt3,6128,10,mark,psql,,-1,2014-12-02 05:03:42.185051+01,2014-12-02 05:03:42.186963+01,2014-12-02 05:03:42.186963+01,f,"COPY (SELECT EXTRACT(EPOCH FROM TRANSACTION_TIMESTAMP()) AS ctime, relname, pid, mode, granted FROM pg_locks, pg_class WHERE relfilenode = relation ORDER BY relname) TO STDOUT (FORMAT CSV);",active,2014-12-02 05:03:42.186968+01
1417493022.18695,dbt3,6130,10,mark,psql,,-1,2014-12-02 05:03:42.185396+01,2014-12-02 05:03:42.187008+01,2014-12-02 05:03:42.187008+01,f,"COPY (SELECT EXTRACT(EPOCH FROM TRANSACTION_TIMESTAMP()) AS ctime, a.schemaname, a.relname, seq_scan, seq_tup_read, idx_scan, idx_tup_fetch, n_tup_ins, n_tup_upd, n_tup_del, n_tup_hot_upd, n_live_tup, n_dead_tup, heap_blks_read, heap_blks_hit, idx_blks_read, idx_blks_hit, toast_blks_read, toast_blks_hit, tidx_blks_read, tidx_blks_hit FROM pg_statio_all_tables a, pg_stat_all_tables b WHERE a.relid = b.relid) TO STDOUT (FORMAT CSV);",active,2014-12-02 05:03:42.187012+01
1417493022.18695,dbt3,6131,10,mark,psql,,-1,2014-12-02 05:03:42.185544+01,2014-12-02 05:03:42.186955+01,2014-12-02 05:03:42.186955+01,f,"COPY (SELECT EXTRACT(EPOCH FROM TRANSACTION_TIMESTAMP()) AS ctime, datname, pid, usesysid, usename, application_name, client_addr, client_port, backend_start, xact_start, query_start, waiting, query , state, state_change FROM pg_stat_activity) TO STDOUT (FORMAT CSV);",active,2014-12-02 05:03:42.186959+01
1417493082.18788,dbt3,6138,10,mark,psql,,-1,2014-12-02 05:03:55.963091+01,2014-12-02 05:03:55.964921+01,2014-12-02 05:03:55.964921+01,f,"
CREATE INDEX lineitem_l_orderkey_brin_idx
ON lineitem USING BRIN (l_orderkey);",active,2014-12-02 05:03:55.964925+01
1417493082.18788,dbt3,6139,10,mark,psql,,-1,2014-12-02 05:03:55.963262+01,2014-12-02 05:03:55.964871+01,2014-12-02 05:03:55.964871+01,f,"
CREATE INDEX lineitem_l_orderkey_idx_brin_part2
ON lineitem USING BRIN (l_orderkey)
WHERE l_commitdate < l_receiptdate
  AND l_shipdate < l_commitdate;",active,2014-12-02 05:03:55.964893+01
1417493082.18788,dbt3,6140,10,mark,psql,,-1,2014-12-02 05:03:55.963504+01,2014-12-02 05:03:55.96486+01,2014-12-02 05:03:55.96486+01,f,"
CREATE INDEX lineitem_l_orderkey_l_linenumber_l_shipdate_brin_idx
ON lineitem USING BRIN (l_orderkey, l_linenumber, l_shipdate);",active,2014-12-02 05:03:55.964871+01
1417493082.18788,dbt3,6141,10,mark,psql,,-1,2014-12-02 05:03:55.964199+01,2014-12-02 05:03:55.967286+01,2014-12-02 05:03:55.967286+01,f,"
CREATE INDEX lineitem_l_partkey_l_quantity_brin_idx
ON lineitem USING BRIN (l_partkey, l_quantity);",active,2014-12-02 05:03:55.967296+01
1417493082.18788,dbt3,6142,10,mark,psql,,-1,2014-12-02 05:03:55.96437+01,2014-12-02 05:03:55.96729+01,2014-12-02 05:03:55.96729+01,f,"
CREATE INDEX lineitem_l_orderkey_idx_brin_part1
ON lineitem USING BRIN (l_orderkey)
WHERE l_commitdate < l_receiptdate;",active,2014-12-02 05:03:55.967298+01
1417493082.18788,dbt3,6143,10,mark,psql,,-1,2014-12-02 05:03:55.96463+01,2014-12-02 05:03:55.967859+01,2014-12-02 05:03:55.967859+01,f,"
CREATE INDEX lineitem_l_shipdate_l_suppkey_brin_idx
ON lineitem USING BRIN (l_shipdate, l_suppkey);",active,2014-12-02 05:03:55.967868+01
1417493082.18788,dbt3,6153,10,mark,psql,,-1,2014-12-02 05:04:42.186038+01,2014-12-02 05:04:42.187854+01,2014-12-02 05:04:42.187854+01,f,"COPY (SELECT EXTRACT(EPOCH FROM TRANSACTION_TIMESTAMP()) AS ctime, a.schemaname, a.relname, seq_scan, seq_tup_read, idx_scan, idx_tup_fetch, n_tup_ins, n_tup_upd, n_tup_del, n_tup_hot_upd, n_live_tup, n_dead_tup, heap_blks_read, heap_blks_hit, idx_blks_read, idx_blks_hit, toast_blks_read, toast_blks_hit, tidx_blks_read, tidx_blks_hit FROM pg_statio_all_tables a, pg_stat_all_tables b WHERE a.relid = b.relid) TO STDOUT (FORMAT CSV);",active,2014-12-02 05:04:42.187858+01
1417493082.18788,dbt3,6152,10,mark,psql,,-1,2014-12-02 05:04:42.185927+01,2014-12-02 05:04:42.187883+01,2014-12-02 05:04:42.187883+01,f,"COPY (SELECT EXTRACT(EPOCH FROM TRANSACTION_TIMESTAMP()) AS ctime, datname, pid, usesysid, usename, application_name, client_addr, client_port, backend_start, xact_start, query_start, waiting, query , state, state_change FROM pg_stat_activity) TO STDOUT (FORMAT CSV);",active,2014-12-02 05:04:42.187888+01
1417493082.18788,dbt3,6154,10,mark,psql,,-1,2014-12-02 05:04:42.186128+01,2014-12-02 05:04:42.187838+01,2014-12-02 05:04:42.187838+01,f,"COPY (SELECT EXTRACT(EPOCH FROM TRANSACTION_TIMESTAMP()) AS ctime, relname, pid, mode, granted FROM pg_locks, pg_class WHERE relfilenode = relation ORDER BY relname) TO STDOUT (FORMAT CSV);",active,2014-12-02 05:04:42.187843+01
1417493082.18788,dbt3,6155,10,mark,psql,,-1,2014-12-02 05:04:42.186248+01,2014-12-02 05:04:42.187838+01,2014-12-02 05:04:42.187838+01,f,"COPY (SELECT EXTRACT(EPOCH FROM TRANSACTION_TIMESTAMP()) AS ctime, datname, numbackends, xact_commit, xact_rollback, blks_read, blks_hit, tup_returned, tup_fetched, tup_inserted, tup_updated, tup_deleted FROM pg_stat_database) TO STDOUT (FORMAT CSV);",active,2014-12-02 05:04:42.187843+01
1417493082.18788,dbt3,6156,10,mark,psql,,-1,2014-12-02 05:04:42.186479+01,2014-12-02 05:04:42.187915+01,2014-12-02 05:04:42.187915+01,f,"COPY (SELECT EXTRACT(EPOCH FROM TRANSACTION_TIMESTAMP()) AS ctime, a.schemaname, a.relname, a.indexrelname, idx_scan, idx_tup_read, idx_tup_fetch, idx_blks_read, idx_blks_hit FROM pg_stat_all_indexes a, pg_statio_all_indexes b WHERE a.indexrelid = b.indexrelid) TO STDOUT (FORMAT CSV);",active,2014-12-02 05:04:42.187921+01
1417493142.19254,dbt3,6159,10,mark,psql,,-1,2014-12-02 05:05:28.711702+01,2014-12-02 05:05:28.714854+01,2014-12-02 05:05:28.714854+01,f,VACUUM ANALYZE lineitem;,active,2014-12-02 05:05:28.714864+01
1417493142.19254,dbt3,6167,10,mark,psql,,-1,2014-12-02 05:05:42.189121+01,2014-12-02 05:05:42.190807+01,2014-12-02 05:05:42.190807+01,f,"COPY (SELECT EXTRACT(EPOCH FROM TRANSACTION_TIMESTAMP()) AS ctime, a.schemaname, a.relname, seq_scan, seq_tup_read, idx_scan, idx_tup_fetch, n_tup_ins, n_tup_upd, n_tup_del, n_tup_hot_upd, n_live_tup, n_dead_tup, heap_blks_read, heap_blks_hit, idx_blks_read, idx_blks_hit, toast_blks_read, toast_blks_hit, tidx_blks_read, tidx_blks_hit FROM pg_statio_all_tables a, pg_stat_all_tables b WHERE a.relid = b.relid) TO STDOUT (FORMAT CSV);",active,2014-12-02 05:05:42.190813+01
1417493142.19254,dbt3,6168,10,mark,psql,,-1,2014-12-02 05:05:42.189403+01,2014-12-02 05:05:42.192545+01,2014-12-02 05:05:42.192545+01,f,"COPY (SELECT EXTRACT(EPOCH FROM TRANSACTION_TIMESTAMP()) AS ctime, datname, pid, usesysid, usename, application_name, client_addr, client_port, backend_start, xact_start, query_start, waiting, query , state, state_change FROM pg_stat_activity) TO STDOUT (FORMAT CSV);",active,2014-12-02 05:05:42.192555+01
1417493142.19254,dbt3,6171,10,mark,psql,,-1,2014-12-02 05:05:42.190124+01,2014-12-02 05:05:42.191633+01,2014-12-02 05:05:42.191633+01,f,"COPY (SELECT EXTRACT(EPOCH FROM TRANSACTION_TIMESTAMP()) AS ctime, a.schemaname, a.relname, a.indexrelname, idx_scan, idx_tup_read, idx_tup_fetch, idx_blks_read, idx_blks_hit FROM pg_stat_all_indexes a, pg_statio_all_indexes b WHERE a.indexrelid = b.indexrelid) TO STDOUT (FORMAT CSV);",active,2014-12-02 05:05:42.191637+01
1417493142.19254,dbt3,6170,10,mark,psql,,-1,2014-12-02 05:05:42.190007+01,2014-12-02 05:05:42.192934+01,2014-12-02 05:05:42.192934+01,f,"COPY (SELECT EXTRACT(EPOCH FROM TRANSACTION_TIMESTAMP()) AS ctime, datname, numbackends, xact_commit, xact_rollback, blks_read, blks_hit, tup_returned, tup_fetched, tup_inserted, tup_updated, tup_deleted FROM pg_stat_database) TO STDOUT (FORMAT CSV);",active,2014-12-02 05:05:42.192943+01
